-- phpMyAdmin SQL Dump
-- version 5.2.0
-- https://www.phpmyadmin.net/
--
-- Host: 127.0.0.1
-- Creato il: Ago 11, 2025 alle 18:44
-- Versione del server: 10.4.25-MariaDB
-- Versione PHP: 7.4.30

SET SQL_MODE = "NO_AUTO_VALUE_ON_ZERO";
START TRANSACTION;
SET time_zone = "+00:00";


/*!40101 SET @OLD_CHARACTER_SET_CLIENT=@@CHARACTER_SET_CLIENT */;
/*!40101 SET @OLD_CHARACTER_SET_RESULTS=@@CHARACTER_SET_RESULTS */;
/*!40101 SET @OLD_COLLATION_CONNECTION=@@COLLATION_CONNECTION */;
/*!40101 SET NAMES utf8mb4 */;

--
-- Database: `ontap`
--

-- --------------------------------------------------------

--
-- Struttura della tabella `admin_permissions`
--

CREATE TABLE `admin_permissions` (
  `id` int(10) UNSIGNED NOT NULL,
  `action` varchar(255) DEFAULT NULL,
  `action_parameters` longtext CHARACTER SET utf8mb4 COLLATE utf8mb4_bin DEFAULT NULL CHECK (json_valid(`action_parameters`)),
  `subject` varchar(255) DEFAULT NULL,
  `properties` longtext CHARACTER SET utf8mb4 COLLATE utf8mb4_bin DEFAULT NULL CHECK (json_valid(`properties`)),
  `conditions` longtext CHARACTER SET utf8mb4 COLLATE utf8mb4_bin DEFAULT NULL CHECK (json_valid(`conditions`)),
  `created_at` datetime(6) DEFAULT NULL,
  `updated_at` datetime(6) DEFAULT NULL,
  `created_by_id` int(10) UNSIGNED DEFAULT NULL,
  `updated_by_id` int(10) UNSIGNED DEFAULT NULL
) ENGINE=InnoDB DEFAULT CHARSET=utf8;

--
-- Dump dei dati per la tabella `admin_permissions`
--

INSERT INTO `admin_permissions` (`id`, `action`, `action_parameters`, `subject`, `properties`, `conditions`, `created_at`, `updated_at`, `created_by_id`, `updated_by_id`) VALUES
(1, 'plugin::upload.read', '{}', NULL, '{}', '[]', '2025-07-18 15:46:46.456000', '2025-07-18 15:46:46.456000', NULL, NULL),
(2, 'plugin::upload.configure-view', '{}', NULL, '{}', '[]', '2025-07-18 15:46:46.466000', '2025-07-18 15:46:46.466000', NULL, NULL),
(3, 'plugin::upload.assets.create', '{}', NULL, '{}', '[]', '2025-07-18 15:46:46.474000', '2025-07-18 15:46:46.474000', NULL, NULL),
(4, 'plugin::upload.assets.update', '{}', NULL, '{}', '[]', '2025-07-18 15:46:46.480000', '2025-07-18 15:46:46.480000', NULL, NULL),
(5, 'plugin::upload.assets.download', '{}', NULL, '{}', '[]', '2025-07-18 15:46:46.490000', '2025-07-18 15:46:46.490000', NULL, NULL),
(6, 'plugin::upload.assets.copy-link', '{}', NULL, '{}', '[]', '2025-07-18 15:46:46.496000', '2025-07-18 15:46:46.496000', NULL, NULL),
(7, 'plugin::upload.read', '{}', NULL, '{}', '[\"admin::is-creator\"]', '2025-07-18 15:46:46.503000', '2025-07-18 15:46:46.503000', NULL, NULL),
(8, 'plugin::upload.configure-view', '{}', NULL, '{}', '[]', '2025-07-18 15:46:46.510000', '2025-07-18 15:46:46.510000', NULL, NULL),
(9, 'plugin::upload.assets.create', '{}', NULL, '{}', '[]', '2025-07-18 15:46:46.516000', '2025-07-18 15:46:46.516000', NULL, NULL),
(10, 'plugin::upload.assets.update', '{}', NULL, '{}', '[\"admin::is-creator\"]', '2025-07-18 15:46:46.522000', '2025-07-18 15:46:46.522000', NULL, NULL),
(11, 'plugin::upload.assets.download', '{}', NULL, '{}', '[]', '2025-07-18 15:46:46.528000', '2025-07-18 15:46:46.528000', NULL, NULL),
(12, 'plugin::upload.assets.copy-link', '{}', NULL, '{}', '[]', '2025-07-18 15:46:46.534000', '2025-07-18 15:46:46.534000', NULL, NULL),
(16, 'plugin::content-manager.explorer.delete', '{}', 'plugin::users-permissions.user', '{}', '[]', '2025-07-18 15:46:46.581000', '2025-07-18 15:46:46.581000', NULL, NULL),
(17, 'plugin::content-manager.single-types.configure-view', '{}', NULL, '{}', '[]', '2025-07-18 15:46:46.587000', '2025-07-18 15:46:46.587000', NULL, NULL),
(18, 'plugin::content-manager.collection-types.configure-view', '{}', NULL, '{}', '[]', '2025-07-18 15:46:46.594000', '2025-07-18 15:46:46.594000', NULL, NULL),
(19, 'plugin::content-manager.components.configure-layout', '{}', NULL, '{}', '[]', '2025-07-18 15:46:46.600000', '2025-07-18 15:46:46.600000', NULL, NULL),
(20, 'plugin::content-type-builder.read', '{}', NULL, '{}', '[]', '2025-07-18 15:46:46.605000', '2025-07-18 15:46:46.605000', NULL, NULL),
(21, 'plugin::email.settings.read', '{}', NULL, '{}', '[]', '2025-07-18 15:46:46.610000', '2025-07-18 15:46:46.610000', NULL, NULL),
(22, 'plugin::upload.read', '{}', NULL, '{}', '[]', '2025-07-18 15:46:46.615000', '2025-07-18 15:46:46.615000', NULL, NULL),
(23, 'plugin::upload.assets.create', '{}', NULL, '{}', '[]', '2025-07-18 15:46:46.620000', '2025-07-18 15:46:46.620000', NULL, NULL),
(24, 'plugin::upload.assets.update', '{}', NULL, '{}', '[]', '2025-07-18 15:46:46.625000', '2025-07-18 15:46:46.625000', NULL, NULL),
(25, 'plugin::upload.assets.download', '{}', NULL, '{}', '[]', '2025-07-18 15:46:46.630000', '2025-07-18 15:46:46.630000', NULL, NULL),
(26, 'plugin::upload.assets.copy-link', '{}', NULL, '{}', '[]', '2025-07-18 15:46:46.635000', '2025-07-18 15:46:46.635000', NULL, NULL),
(27, 'plugin::upload.configure-view', '{}', NULL, '{}', '[]', '2025-07-18 15:46:46.639000', '2025-07-18 15:46:46.639000', NULL, NULL),
(28, 'plugin::upload.settings.read', '{}', NULL, '{}', '[]', '2025-07-18 15:46:46.645000', '2025-07-18 15:46:46.645000', NULL, NULL),
(29, 'plugin::users-permissions.roles.create', '{}', NULL, '{}', '[]', '2025-07-18 15:46:46.651000', '2025-07-18 15:46:46.651000', NULL, NULL),
(30, 'plugin::users-permissions.roles.read', '{}', NULL, '{}', '[]', '2025-07-18 15:46:46.657000', '2025-07-18 15:46:46.657000', NULL, NULL),
(31, 'plugin::users-permissions.roles.update', '{}', NULL, '{}', '[]', '2025-07-18 15:46:46.664000', '2025-07-18 15:46:46.664000', NULL, NULL),
(32, 'plugin::users-permissions.roles.delete', '{}', NULL, '{}', '[]', '2025-07-18 15:46:46.671000', '2025-07-18 15:46:46.671000', NULL, NULL),
(33, 'plugin::users-permissions.providers.read', '{}', NULL, '{}', '[]', '2025-07-18 15:46:46.678000', '2025-07-18 15:46:46.678000', NULL, NULL),
(34, 'plugin::users-permissions.providers.update', '{}', NULL, '{}', '[]', '2025-07-18 15:46:46.684000', '2025-07-18 15:46:46.684000', NULL, NULL),
(35, 'plugin::users-permissions.email-templates.read', '{}', NULL, '{}', '[]', '2025-07-18 15:46:46.690000', '2025-07-18 15:46:46.690000', NULL, NULL),
(36, 'plugin::users-permissions.email-templates.update', '{}', NULL, '{}', '[]', '2025-07-18 15:46:46.697000', '2025-07-18 15:46:46.697000', NULL, NULL),
(37, 'plugin::users-permissions.advanced-settings.read', '{}', NULL, '{}', '[]', '2025-07-18 15:46:46.703000', '2025-07-18 15:46:46.703000', NULL, NULL),
(38, 'plugin::users-permissions.advanced-settings.update', '{}', NULL, '{}', '[]', '2025-07-18 15:46:46.709000', '2025-07-18 15:46:46.709000', NULL, NULL),
(39, 'plugin::i18n.locale.create', '{}', NULL, '{}', '[]', '2025-07-18 15:46:46.715000', '2025-07-18 15:46:46.715000', NULL, NULL),
(40, 'plugin::i18n.locale.read', '{}', NULL, '{}', '[]', '2025-07-18 15:46:46.721000', '2025-07-18 15:46:46.721000', NULL, NULL),
(41, 'plugin::i18n.locale.update', '{}', NULL, '{}', '[]', '2025-07-18 15:46:46.727000', '2025-07-18 15:46:46.727000', NULL, NULL),
(42, 'plugin::i18n.locale.delete', '{}', NULL, '{}', '[]', '2025-07-18 15:46:46.733000', '2025-07-18 15:46:46.733000', NULL, NULL),
(43, 'admin::marketplace.read', '{}', NULL, '{}', '[]', '2025-07-18 15:46:46.740000', '2025-07-18 15:46:46.740000', NULL, NULL),
(44, 'admin::webhooks.create', '{}', NULL, '{}', '[]', '2025-07-18 15:46:46.746000', '2025-07-18 15:46:46.746000', NULL, NULL),
(45, 'admin::webhooks.read', '{}', NULL, '{}', '[]', '2025-07-18 15:46:46.752000', '2025-07-18 15:46:46.752000', NULL, NULL),
(46, 'admin::webhooks.update', '{}', NULL, '{}', '[]', '2025-07-18 15:46:46.759000', '2025-07-18 15:46:46.759000', NULL, NULL),
(47, 'admin::webhooks.delete', '{}', NULL, '{}', '[]', '2025-07-18 15:46:46.765000', '2025-07-18 15:46:46.765000', NULL, NULL),
(48, 'admin::users.create', '{}', NULL, '{}', '[]', '2025-07-18 15:46:46.771000', '2025-07-18 15:46:46.771000', NULL, NULL),
(49, 'admin::users.read', '{}', NULL, '{}', '[]', '2025-07-18 15:46:46.777000', '2025-07-18 15:46:46.777000', NULL, NULL),
(50, 'admin::users.update', '{}', NULL, '{}', '[]', '2025-07-18 15:46:46.783000', '2025-07-18 15:46:46.783000', NULL, NULL),
(51, 'admin::users.delete', '{}', NULL, '{}', '[]', '2025-07-18 15:46:46.789000', '2025-07-18 15:46:46.789000', NULL, NULL),
(52, 'admin::roles.create', '{}', NULL, '{}', '[]', '2025-07-18 15:46:46.795000', '2025-07-18 15:46:46.795000', NULL, NULL),
(53, 'admin::roles.read', '{}', NULL, '{}', '[]', '2025-07-18 15:46:46.801000', '2025-07-18 15:46:46.801000', NULL, NULL),
(54, 'admin::roles.update', '{}', NULL, '{}', '[]', '2025-07-18 15:46:46.807000', '2025-07-18 15:46:46.807000', NULL, NULL),
(55, 'admin::roles.delete', '{}', NULL, '{}', '[]', '2025-07-18 15:46:46.813000', '2025-07-18 15:46:46.813000', NULL, NULL),
(56, 'admin::api-tokens.access', '{}', NULL, '{}', '[]', '2025-07-18 15:46:46.819000', '2025-07-18 15:46:46.819000', NULL, NULL),
(57, 'admin::api-tokens.create', '{}', NULL, '{}', '[]', '2025-07-18 15:46:46.825000', '2025-07-18 15:46:46.825000', NULL, NULL),
(58, 'admin::api-tokens.read', '{}', NULL, '{}', '[]', '2025-07-18 15:46:46.832000', '2025-07-18 15:46:46.832000', NULL, NULL),
(59, 'admin::api-tokens.update', '{}', NULL, '{}', '[]', '2025-07-18 15:46:46.838000', '2025-07-18 15:46:46.838000', NULL, NULL),
(60, 'admin::api-tokens.regenerate', '{}', NULL, '{}', '[]', '2025-07-18 15:46:46.844000', '2025-07-18 15:46:46.844000', NULL, NULL),
(61, 'admin::api-tokens.delete', '{}', NULL, '{}', '[]', '2025-07-18 15:46:46.851000', '2025-07-18 15:46:46.851000', NULL, NULL),
(62, 'admin::project-settings.update', '{}', NULL, '{}', '[]', '2025-07-18 15:46:46.856000', '2025-07-18 15:46:46.856000', NULL, NULL),
(63, 'admin::project-settings.read', '{}', NULL, '{}', '[]', '2025-07-18 15:46:46.862000', '2025-07-18 15:46:46.862000', NULL, NULL),
(64, 'admin::transfer.tokens.access', '{}', NULL, '{}', '[]', '2025-07-18 15:46:46.869000', '2025-07-18 15:46:46.869000', NULL, NULL),
(65, 'admin::transfer.tokens.create', '{}', NULL, '{}', '[]', '2025-07-18 15:46:46.875000', '2025-07-18 15:46:46.875000', NULL, NULL),
(66, 'admin::transfer.tokens.read', '{}', NULL, '{}', '[]', '2025-07-18 15:46:46.882000', '2025-07-18 15:46:46.882000', NULL, NULL),
(67, 'admin::transfer.tokens.update', '{}', NULL, '{}', '[]', '2025-07-18 15:46:46.888000', '2025-07-18 15:46:46.888000', NULL, NULL),
(68, 'admin::transfer.tokens.regenerate', '{}', NULL, '{}', '[]', '2025-07-18 15:46:46.895000', '2025-07-18 15:46:46.895000', NULL, NULL),
(69, 'admin::transfer.tokens.delete', '{}', NULL, '{}', '[]', '2025-07-18 15:46:46.902000', '2025-07-18 15:46:46.902000', NULL, NULL),
(73, 'plugin::content-manager.explorer.delete', '{}', 'api::brewery.brewery', '{}', '[]', '2025-07-18 15:57:38.859000', '2025-07-18 15:57:38.859000', NULL, NULL),
(74, 'plugin::content-manager.explorer.publish', '{}', 'api::brewery.brewery', '{}', '[]', '2025-07-18 15:57:38.863000', '2025-07-18 15:57:38.863000', NULL, NULL),
(76, 'plugin::content-manager.explorer.create', '{}', 'plugin::users-permissions.user', '{\"fields\":[\"username\",\"email\",\"provider\",\"password\",\"resetPasswordToken\",\"confirmationToken\",\"confirmed\",\"blocked\",\"role\",\"brewery\"]}', '[]', '2025-07-18 16:01:20.014000', '2025-07-18 16:01:20.014000', NULL, NULL),
(78, 'plugin::content-manager.explorer.read', '{}', 'plugin::users-permissions.user', '{\"fields\":[\"username\",\"email\",\"provider\",\"password\",\"resetPasswordToken\",\"confirmationToken\",\"confirmed\",\"blocked\",\"role\",\"brewery\"]}', '[]', '2025-07-18 16:01:20.020000', '2025-07-18 16:01:20.020000', NULL, NULL),
(80, 'plugin::content-manager.explorer.update', '{}', 'plugin::users-permissions.user', '{\"fields\":[\"username\",\"email\",\"provider\",\"password\",\"resetPasswordToken\",\"confirmationToken\",\"confirmed\",\"blocked\",\"role\",\"brewery\"]}', '[]', '2025-07-18 16:01:20.026000', '2025-07-18 16:01:20.026000', NULL, NULL),
(87, 'plugin::content-manager.explorer.delete', '{}', 'api::product.product', '{}', '[]', '2025-07-18 16:39:15.388000', '2025-07-18 16:39:15.388000', NULL, NULL),
(90, 'plugin::content-manager.explorer.create', '{}', 'api::stock-movement.stock-movement', '{\"fields\":[\"type\",\"unit\",\"quantity\",\"note\",\"product\",\"brewery\"]}', '[]', '2025-07-18 16:42:23.054000', '2025-07-18 16:42:23.054000', NULL, NULL),
(92, 'plugin::content-manager.explorer.read', '{}', 'api::stock-movement.stock-movement', '{\"fields\":[\"type\",\"unit\",\"quantity\",\"note\",\"product\",\"brewery\"]}', '[]', '2025-07-18 16:42:23.062000', '2025-07-18 16:42:23.062000', NULL, NULL),
(94, 'plugin::content-manager.explorer.update', '{}', 'api::stock-movement.stock-movement', '{\"fields\":[\"type\",\"unit\",\"quantity\",\"note\",\"product\",\"brewery\"]}', '[]', '2025-07-18 16:42:23.070000', '2025-07-18 16:42:23.070000', NULL, NULL),
(95, 'plugin::content-manager.explorer.delete', '{}', 'api::stock-movement.stock-movement', '{}', '[]', '2025-07-18 16:42:23.073000', '2025-07-18 16:42:23.073000', NULL, NULL),
(103, 'plugin::content-manager.explorer.delete', '{}', 'api::connected-keg.connected-keg', '{}', '[]', '2025-07-18 16:44:08.512000', '2025-07-18 16:44:08.512000', NULL, NULL),
(120, 'plugin::content-manager.explorer.create', '{}', 'api::brewery.brewery', '{\"fields\":[\"name\",\"slug\",\"address\",\"phone\",\"is_active\",\"users\",\"products\",\"connected_kegs\",\"stock_movements\",\"tap_count\",\"orders\"]}', '[]', '2025-07-21 21:42:51.336000', '2025-07-21 21:42:51.336000', NULL, NULL),
(122, 'plugin::content-manager.explorer.read', '{}', 'api::brewery.brewery', '{\"fields\":[\"name\",\"slug\",\"address\",\"phone\",\"is_active\",\"users\",\"products\",\"connected_kegs\",\"stock_movements\",\"tap_count\",\"orders\"]}', '[]', '2025-07-21 21:42:51.368000', '2025-07-21 21:42:51.368000', NULL, NULL),
(124, 'plugin::content-manager.explorer.update', '{}', 'api::brewery.brewery', '{\"fields\":[\"name\",\"slug\",\"address\",\"phone\",\"is_active\",\"users\",\"products\",\"connected_kegs\",\"stock_movements\",\"tap_count\",\"orders\"]}', '[]', '2025-07-21 21:42:51.397000', '2025-07-21 21:42:51.397000', NULL, NULL),
(126, 'plugin::content-manager.explorer.delete', '{}', 'api::order.order', '{}', '[]', '2025-07-21 21:42:51.431000', '2025-07-21 21:42:51.431000', NULL, NULL),
(128, 'plugin::content-manager.explorer.create', '{}', 'api::connected-keg.connected-keg', '{\"fields\":[\"product\",\"quantity_total\",\"quantity_remaining\",\"date_attached\",\"formats\",\"is_active\",\"brewery\",\"tap_number\",\"order_items\"]}', '[]', '2025-08-10 17:11:29.212000', '2025-08-10 17:11:29.212000', NULL, NULL),
(132, 'plugin::content-manager.explorer.read', '{}', 'api::connected-keg.connected-keg', '{\"fields\":[\"product\",\"quantity_total\",\"quantity_remaining\",\"date_attached\",\"formats\",\"is_active\",\"brewery\",\"tap_number\",\"order_items\"]}', '[]', '2025-08-10 17:11:29.288000', '2025-08-10 17:11:29.288000', NULL, NULL),
(136, 'plugin::content-manager.explorer.update', '{}', 'api::connected-keg.connected-keg', '{\"fields\":[\"product\",\"quantity_total\",\"quantity_remaining\",\"date_attached\",\"formats\",\"is_active\",\"brewery\",\"tap_number\",\"order_items\"]}', '[]', '2025-08-10 17:11:29.346000', '2025-08-10 17:11:29.346000', NULL, NULL),
(140, 'plugin::content-manager.explorer.delete', '{}', 'api::order-item.order-item', '{}', '[]', '2025-08-10 17:11:29.408000', '2025-08-10 17:11:29.408000', NULL, NULL),
(142, 'plugin::content-manager.explorer.create', '{}', 'api::product.product', '{\"fields\":[\"name\",\"type\",\"description\",\"abv\",\"formats\",\"brewery\",\"stock_movements\",\"connected_kegs\",\"liters_per_unit\",\"order_items\",\"price\"]}', '[]', '2025-08-10 17:35:25.649000', '2025-08-10 17:35:25.649000', NULL, NULL),
(143, 'plugin::content-manager.explorer.read', '{}', 'api::product.product', '{\"fields\":[\"name\",\"type\",\"description\",\"abv\",\"formats\",\"brewery\",\"stock_movements\",\"connected_kegs\",\"liters_per_unit\",\"order_items\",\"price\"]}', '[]', '2025-08-10 17:35:25.670000', '2025-08-10 17:35:25.670000', NULL, NULL),
(144, 'plugin::content-manager.explorer.update', '{}', 'api::product.product', '{\"fields\":[\"name\",\"type\",\"description\",\"abv\",\"formats\",\"brewery\",\"stock_movements\",\"connected_kegs\",\"liters_per_unit\",\"order_items\",\"price\"]}', '[]', '2025-08-10 17:35:25.689000', '2025-08-10 17:35:25.689000', NULL, NULL),
(145, 'plugin::content-manager.explorer.create', '{}', 'api::order-item.order-item', '{\"fields\":[\"order\",\"product\",\"connected_keg\",\"quantity\",\"unit_price\",\"total_price\",\"size\"]}', '[]', '2025-08-10 17:49:31.029000', '2025-08-10 17:49:31.029000', NULL, NULL),
(146, 'plugin::content-manager.explorer.read', '{}', 'api::order-item.order-item', '{\"fields\":[\"order\",\"product\",\"connected_keg\",\"quantity\",\"unit_price\",\"total_price\",\"size\"]}', '[]', '2025-08-10 17:49:31.044000', '2025-08-10 17:49:31.044000', NULL, NULL),
(147, 'plugin::content-manager.explorer.update', '{}', 'api::order-item.order-item', '{\"fields\":[\"order\",\"product\",\"connected_keg\",\"quantity\",\"unit_price\",\"total_price\",\"size\"]}', '[]', '2025-08-10 17:49:31.057000', '2025-08-10 17:49:31.057000', NULL, NULL),
(151, 'plugin::content-manager.explorer.create', '{}', 'api::order.order', '{\"fields\":[\"status\",\"timestamp_apertura\",\"timestamp_chiusura\",\"total\",\"brewery\",\"order_items\",\"customer_name\",\"payments\"]}', '[]', '2025-08-10 19:47:46.680000', '2025-08-10 19:47:46.680000', NULL, NULL),
(153, 'plugin::content-manager.explorer.read', '{}', 'api::order.order', '{\"fields\":[\"status\",\"timestamp_apertura\",\"timestamp_chiusura\",\"total\",\"brewery\",\"order_items\",\"customer_name\",\"payments\"]}', '[]', '2025-08-10 19:47:46.716000', '2025-08-10 19:47:46.716000', NULL, NULL),
(155, 'plugin::content-manager.explorer.update', '{}', 'api::order.order', '{\"fields\":[\"status\",\"timestamp_apertura\",\"timestamp_chiusura\",\"total\",\"brewery\",\"order_items\",\"customer_name\",\"payments\"]}', '[]', '2025-08-10 19:47:46.749000', '2025-08-10 19:47:46.749000', NULL, NULL),
(157, 'plugin::content-manager.explorer.delete', '{}', 'api::payment.payment', '{}', '[]', '2025-08-10 19:47:46.777000', '2025-08-10 19:47:46.777000', NULL, NULL),
(161, 'plugin::content-manager.explorer.create', '{}', 'api::payment.payment', '{\"fields\":[\"order\",\"method\",\"amount_cents\",\"status\",\"meta\",\"allocations.order_item\",\"allocations.units\",\"allocations.amount_cents\"]}', '[]', '2025-08-10 19:56:13.745000', '2025-08-10 19:56:13.745000', NULL, NULL),
(162, 'plugin::content-manager.explorer.read', '{}', 'api::payment.payment', '{\"fields\":[\"order\",\"method\",\"amount_cents\",\"status\",\"meta\",\"allocations.order_item\",\"allocations.units\",\"allocations.amount_cents\"]}', '[]', '2025-08-10 19:56:13.760000', '2025-08-10 19:56:13.760000', NULL, NULL),
(163, 'plugin::content-manager.explorer.update', '{}', 'api::payment.payment', '{\"fields\":[\"order\",\"method\",\"amount_cents\",\"status\",\"meta\",\"allocations.order_item\",\"allocations.units\",\"allocations.amount_cents\"]}', '[]', '2025-08-10 19:56:13.775000', '2025-08-10 19:56:13.775000', NULL, NULL);

-- --------------------------------------------------------

--
-- Struttura della tabella `admin_permissions_role_links`
--

CREATE TABLE `admin_permissions_role_links` (
  `id` int(10) UNSIGNED NOT NULL,
  `permission_id` int(10) UNSIGNED DEFAULT NULL,
  `role_id` int(10) UNSIGNED DEFAULT NULL,
  `permission_order` double UNSIGNED DEFAULT NULL
) ENGINE=InnoDB DEFAULT CHARSET=utf8;

--
-- Dump dei dati per la tabella `admin_permissions_role_links`
--

INSERT INTO `admin_permissions_role_links` (`id`, `permission_id`, `role_id`, `permission_order`) VALUES
(1, 1, 2, 1),
(2, 2, 2, 2),
(3, 3, 2, 3),
(4, 4, 2, 4),
(5, 5, 2, 5),
(6, 6, 2, 6),
(7, 7, 3, 1),
(8, 8, 3, 2),
(9, 9, 3, 3),
(10, 10, 3, 4),
(11, 11, 3, 5),
(12, 12, 3, 6),
(16, 16, 1, 4),
(17, 17, 1, 5),
(18, 18, 1, 6),
(19, 19, 1, 7),
(20, 20, 1, 8),
(21, 21, 1, 9),
(22, 22, 1, 10),
(23, 23, 1, 11),
(24, 24, 1, 12),
(25, 25, 1, 13),
(26, 26, 1, 14),
(27, 27, 1, 15),
(28, 28, 1, 16),
(29, 29, 1, 17),
(30, 30, 1, 18),
(31, 31, 1, 19),
(32, 32, 1, 20),
(33, 33, 1, 21),
(34, 34, 1, 22),
(35, 35, 1, 23),
(36, 36, 1, 24),
(37, 37, 1, 25),
(38, 38, 1, 26),
(39, 39, 1, 27),
(40, 40, 1, 28),
(41, 41, 1, 29),
(42, 42, 1, 30),
(43, 43, 1, 31),
(44, 44, 1, 32),
(45, 45, 1, 33),
(46, 46, 1, 34),
(47, 47, 1, 35),
(48, 48, 1, 36),
(49, 49, 1, 37),
(50, 50, 1, 38),
(51, 51, 1, 39),
(52, 52, 1, 40),
(53, 53, 1, 41),
(54, 54, 1, 42),
(55, 55, 1, 43),
(56, 56, 1, 44),
(57, 57, 1, 45),
(58, 58, 1, 46),
(59, 59, 1, 47),
(60, 60, 1, 48),
(61, 61, 1, 49),
(62, 62, 1, 50),
(63, 63, 1, 51),
(64, 64, 1, 52),
(65, 65, 1, 53),
(66, 66, 1, 54),
(67, 67, 1, 55),
(68, 68, 1, 56),
(69, 69, 1, 57),
(73, 73, 1, 61),
(74, 74, 1, 62),
(76, 76, 1, 64),
(78, 78, 1, 66),
(80, 80, 1, 68),
(87, 87, 1, 75),
(90, 90, 1, 78),
(92, 92, 1, 80),
(94, 94, 1, 82),
(95, 95, 1, 83),
(103, 103, 1, 91),
(120, 120, 1, 107),
(122, 122, 1, 109),
(124, 124, 1, 111),
(126, 126, 1, 113),
(128, 128, 1, 115),
(132, 132, 1, 119),
(136, 136, 1, 123),
(140, 140, 1, 127),
(142, 142, 1, 129),
(143, 143, 1, 130),
(144, 144, 1, 131),
(145, 145, 1, 132),
(146, 146, 1, 133),
(147, 147, 1, 134),
(151, 151, 1, 135),
(153, 153, 1, 137),
(155, 155, 1, 139),
(157, 157, 1, 141),
(161, 161, 1, 142),
(162, 162, 1, 143),
(163, 163, 1, 144);

-- --------------------------------------------------------

--
-- Struttura della tabella `admin_roles`
--

CREATE TABLE `admin_roles` (
  `id` int(10) UNSIGNED NOT NULL,
  `name` varchar(255) DEFAULT NULL,
  `code` varchar(255) DEFAULT NULL,
  `description` varchar(255) DEFAULT NULL,
  `created_at` datetime(6) DEFAULT NULL,
  `updated_at` datetime(6) DEFAULT NULL,
  `created_by_id` int(10) UNSIGNED DEFAULT NULL,
  `updated_by_id` int(10) UNSIGNED DEFAULT NULL
) ENGINE=InnoDB DEFAULT CHARSET=utf8;

--
-- Dump dei dati per la tabella `admin_roles`
--

INSERT INTO `admin_roles` (`id`, `name`, `code`, `description`, `created_at`, `updated_at`, `created_by_id`, `updated_by_id`) VALUES
(1, 'Super Admin', 'strapi-super-admin', 'Super Admins can access and manage all features and settings.', '2025-07-18 15:46:46.441000', '2025-07-18 15:46:46.441000', NULL, NULL),
(2, 'Editor', 'strapi-editor', 'Editors can manage and publish contents including those of other users.', '2025-07-18 15:46:46.448000', '2025-07-18 15:46:46.448000', NULL, NULL),
(3, 'Author', 'strapi-author', 'Authors can manage the content they have created.', '2025-07-18 15:46:46.452000', '2025-07-18 15:46:46.452000', NULL, NULL);

-- --------------------------------------------------------

--
-- Struttura della tabella `admin_users`
--

CREATE TABLE `admin_users` (
  `id` int(10) UNSIGNED NOT NULL,
  `firstname` varchar(255) DEFAULT NULL,
  `lastname` varchar(255) DEFAULT NULL,
  `username` varchar(255) DEFAULT NULL,
  `email` varchar(255) DEFAULT NULL,
  `password` varchar(255) DEFAULT NULL,
  `reset_password_token` varchar(255) DEFAULT NULL,
  `registration_token` varchar(255) DEFAULT NULL,
  `is_active` tinyint(1) DEFAULT NULL,
  `blocked` tinyint(1) DEFAULT NULL,
  `prefered_language` varchar(255) DEFAULT NULL,
  `created_at` datetime(6) DEFAULT NULL,
  `updated_at` datetime(6) DEFAULT NULL,
  `created_by_id` int(10) UNSIGNED DEFAULT NULL,
  `updated_by_id` int(10) UNSIGNED DEFAULT NULL
) ENGINE=InnoDB DEFAULT CHARSET=utf8;

--
-- Dump dei dati per la tabella `admin_users`
--

INSERT INTO `admin_users` (`id`, `firstname`, `lastname`, `username`, `email`, `password`, `reset_password_token`, `registration_token`, `is_active`, `blocked`, `prefered_language`, `created_at`, `updated_at`, `created_by_id`, `updated_by_id`) VALUES
(1, 'Salvatore', 'Biancheri', NULL, 'totobiancheri@gmail.com', '$2a$10$ieF1232zhFgWovvuhhzdWu/M.fwT6mHgsMhTO//GnPZE345BpsWF2', NULL, NULL, 1, 0, NULL, '2025-07-18 15:47:09.272000', '2025-07-18 15:47:09.272000', NULL, NULL);

-- --------------------------------------------------------

--
-- Struttura della tabella `admin_users_roles_links`
--

CREATE TABLE `admin_users_roles_links` (
  `id` int(10) UNSIGNED NOT NULL,
  `user_id` int(10) UNSIGNED DEFAULT NULL,
  `role_id` int(10) UNSIGNED DEFAULT NULL,
  `role_order` double UNSIGNED DEFAULT NULL,
  `user_order` double UNSIGNED DEFAULT NULL
) ENGINE=InnoDB DEFAULT CHARSET=utf8;

--
-- Dump dei dati per la tabella `admin_users_roles_links`
--

INSERT INTO `admin_users_roles_links` (`id`, `user_id`, `role_id`, `role_order`, `user_order`) VALUES
(1, 1, 1, 1, 1);

-- --------------------------------------------------------

--
-- Struttura della tabella `breweries`
--

CREATE TABLE `breweries` (
  `id` int(10) UNSIGNED NOT NULL,
  `name` varchar(255) DEFAULT NULL,
  `slug` varchar(255) DEFAULT NULL,
  `address` longtext DEFAULT NULL,
  `phone` varchar(255) DEFAULT NULL,
  `is_active` tinyint(1) DEFAULT NULL,
  `created_at` datetime(6) DEFAULT NULL,
  `updated_at` datetime(6) DEFAULT NULL,
  `published_at` datetime(6) DEFAULT NULL,
  `created_by_id` int(10) UNSIGNED DEFAULT NULL,
  `updated_by_id` int(10) UNSIGNED DEFAULT NULL,
  `tap_count` int(11) DEFAULT NULL
) ENGINE=InnoDB DEFAULT CHARSET=utf8;

--
-- Dump dei dati per la tabella `breweries`
--

INSERT INTO `breweries` (`id`, `name`, `slug`, `address`, `phone`, `is_active`, `created_at`, `updated_at`, `published_at`, `created_by_id`, `updated_by_id`, `tap_count`) VALUES
(1, 'Prova', 'prova', 'prova', '123123', 1, '2025-07-18 16:02:34.757000', '2025-07-21 21:36:11.657000', '2025-07-18 16:02:58.672000', 1, 1, 4);

-- --------------------------------------------------------

--
-- Struttura della tabella `components_payment_allocations`
--

CREATE TABLE `components_payment_allocations` (
  `id` int(10) UNSIGNED NOT NULL,
  `units` int(11) DEFAULT NULL,
  `amount_cents` int(11) DEFAULT NULL
) ENGINE=InnoDB DEFAULT CHARSET=utf8mb4;

--
-- Dump dei dati per la tabella `components_payment_allocations`
--

INSERT INTO `components_payment_allocations` (`id`, `units`, `amount_cents`) VALUES
(1, 1, 400),
(2, 1, 500),
(3, 1, 400),
(4, 1, 500),
(5, 1, 400),
(6, 1, 500),
(7, 1, 500),
(8, 1, 400),
(9, 3, 1200),
(10, 2, 1000),
(11, 5, 2500),
(12, 2, 800),
(13, 2, 1000),
(14, 2, 800);

-- --------------------------------------------------------

--
-- Struttura della tabella `components_payment_allocations_order_item_links`
--

CREATE TABLE `components_payment_allocations_order_item_links` (
  `id` int(10) UNSIGNED NOT NULL,
  `allocation_id` int(10) UNSIGNED DEFAULT NULL,
  `order_item_id` int(10) UNSIGNED DEFAULT NULL
) ENGINE=InnoDB DEFAULT CHARSET=utf8mb4;

--
-- Dump dei dati per la tabella `components_payment_allocations_order_item_links`
--

INSERT INTO `components_payment_allocations_order_item_links` (`id`, `allocation_id`, `order_item_id`) VALUES
(1, 1, 41),
(2, 2, 42),
(3, 3, 44),
(4, 4, 43),
(5, 5, 45),
(6, 6, 46),
(7, 7, 47),
(8, 8, 48),
(9, 9, 45),
(10, 10, 47),
(11, 11, 46),
(12, 12, 48),
(13, 13, 49),
(14, 14, 50);

-- --------------------------------------------------------

--
-- Struttura della tabella `connected_kegs`
--

CREATE TABLE `connected_kegs` (
  `id` int(10) UNSIGNED NOT NULL,
  `quantity_total` decimal(10,2) DEFAULT NULL,
  `quantity_remaining` decimal(10,2) DEFAULT NULL,
  `date_attached` datetime(6) DEFAULT NULL,
  `formats` longtext CHARACTER SET utf8mb4 COLLATE utf8mb4_bin DEFAULT NULL CHECK (json_valid(`formats`)),
  `is_active` tinyint(1) DEFAULT NULL,
  `created_at` datetime(6) DEFAULT NULL,
  `updated_at` datetime(6) DEFAULT NULL,
  `created_by_id` int(10) UNSIGNED DEFAULT NULL,
  `updated_by_id` int(10) UNSIGNED DEFAULT NULL,
  `tap_number` int(11) DEFAULT NULL
) ENGINE=InnoDB DEFAULT CHARSET=utf8;

--
-- Dump dei dati per la tabella `connected_kegs`
--

INSERT INTO `connected_kegs` (`id`, `quantity_total`, `quantity_remaining`, `date_attached`, `formats`, `is_active`, `created_at`, `updated_at`, `created_by_id`, `updated_by_id`, `tap_number`) VALUES
(2, '20.00', '0.00', '2025-07-21 21:36:53.063000', '[{\"size\":0.3,\"price\":4},{\"size\":0.4,\"price\":5}]', 0, '2025-07-21 21:36:53.076000', '2025-08-10 20:07:44.916000', NULL, 1, 1),
(3, '20.00', '4.20', '2025-08-10 17:05:26.888000', '[{\"size\":0.3,\"price\":4},{\"size\":0.4,\"price\":5}]', 1, '2025-08-10 17:05:26.903000', '2025-08-10 20:07:47.516000', NULL, 1, 2),
(4, '20.00', '16.40', '2025-08-10 17:05:49.319000', '[{\"size\":0.3,\"price\":4},{\"size\":0.4,\"price\":5}]', 1, '2025-08-10 17:05:49.329000', '2025-08-10 20:07:49.248000', NULL, 1, 1);

-- --------------------------------------------------------

--
-- Struttura della tabella `connected_kegs_brewery_links`
--

CREATE TABLE `connected_kegs_brewery_links` (
  `id` int(10) UNSIGNED NOT NULL,
  `connected_keg_id` int(10) UNSIGNED DEFAULT NULL,
  `brewery_id` int(10) UNSIGNED DEFAULT NULL,
  `connected_keg_order` double UNSIGNED DEFAULT NULL
) ENGINE=InnoDB DEFAULT CHARSET=utf8;

--
-- Dump dei dati per la tabella `connected_kegs_brewery_links`
--

INSERT INTO `connected_kegs_brewery_links` (`id`, `connected_keg_id`, `brewery_id`, `connected_keg_order`) VALUES
(2, 2, 1, 1),
(3, 3, 1, 2),
(4, 4, 1, 3);

-- --------------------------------------------------------

--
-- Struttura della tabella `connected_kegs_product_links`
--

CREATE TABLE `connected_kegs_product_links` (
  `id` int(10) UNSIGNED NOT NULL,
  `connected_keg_id` int(10) UNSIGNED DEFAULT NULL,
  `product_id` int(10) UNSIGNED DEFAULT NULL,
  `connected_keg_order` double UNSIGNED DEFAULT NULL
) ENGINE=InnoDB DEFAULT CHARSET=utf8;

--
-- Dump dei dati per la tabella `connected_kegs_product_links`
--

INSERT INTO `connected_kegs_product_links` (`id`, `connected_keg_id`, `product_id`, `connected_keg_order`) VALUES
(2, 2, 4, 1),
(3, 3, 4, 2),
(4, 4, 4, 3);

-- --------------------------------------------------------

--
-- Struttura della tabella `files`
--

CREATE TABLE `files` (
  `id` int(10) UNSIGNED NOT NULL,
  `name` varchar(255) DEFAULT NULL,
  `alternative_text` varchar(255) DEFAULT NULL,
  `caption` varchar(255) DEFAULT NULL,
  `width` int(11) DEFAULT NULL,
  `height` int(11) DEFAULT NULL,
  `formats` longtext CHARACTER SET utf8mb4 COLLATE utf8mb4_bin DEFAULT NULL CHECK (json_valid(`formats`)),
  `hash` varchar(255) DEFAULT NULL,
  `ext` varchar(255) DEFAULT NULL,
  `mime` varchar(255) DEFAULT NULL,
  `size` decimal(10,2) DEFAULT NULL,
  `url` varchar(255) DEFAULT NULL,
  `preview_url` varchar(255) DEFAULT NULL,
  `provider` varchar(255) DEFAULT NULL,
  `provider_metadata` longtext CHARACTER SET utf8mb4 COLLATE utf8mb4_bin DEFAULT NULL CHECK (json_valid(`provider_metadata`)),
  `folder_path` varchar(255) DEFAULT NULL,
  `created_at` datetime(6) DEFAULT NULL,
  `updated_at` datetime(6) DEFAULT NULL,
  `created_by_id` int(10) UNSIGNED DEFAULT NULL,
  `updated_by_id` int(10) UNSIGNED DEFAULT NULL
) ENGINE=InnoDB DEFAULT CHARSET=utf8;

-- --------------------------------------------------------

--
-- Struttura della tabella `files_folder_links`
--

CREATE TABLE `files_folder_links` (
  `id` int(10) UNSIGNED NOT NULL,
  `file_id` int(10) UNSIGNED DEFAULT NULL,
  `folder_id` int(10) UNSIGNED DEFAULT NULL,
  `file_order` double UNSIGNED DEFAULT NULL
) ENGINE=InnoDB DEFAULT CHARSET=utf8;

-- --------------------------------------------------------

--
-- Struttura della tabella `files_related_morphs`
--

CREATE TABLE `files_related_morphs` (
  `id` int(10) UNSIGNED NOT NULL,
  `file_id` int(10) UNSIGNED DEFAULT NULL,
  `related_id` int(10) UNSIGNED DEFAULT NULL,
  `related_type` varchar(255) DEFAULT NULL,
  `field` varchar(255) DEFAULT NULL,
  `order` double UNSIGNED DEFAULT NULL
) ENGINE=InnoDB DEFAULT CHARSET=utf8;

-- --------------------------------------------------------

--
-- Struttura della tabella `i18n_locale`
--

CREATE TABLE `i18n_locale` (
  `id` int(10) UNSIGNED NOT NULL,
  `name` varchar(255) DEFAULT NULL,
  `code` varchar(255) DEFAULT NULL,
  `created_at` datetime(6) DEFAULT NULL,
  `updated_at` datetime(6) DEFAULT NULL,
  `created_by_id` int(10) UNSIGNED DEFAULT NULL,
  `updated_by_id` int(10) UNSIGNED DEFAULT NULL
) ENGINE=InnoDB DEFAULT CHARSET=utf8;

--
-- Dump dei dati per la tabella `i18n_locale`
--

INSERT INTO `i18n_locale` (`id`, `name`, `code`, `created_at`, `updated_at`, `created_by_id`, `updated_by_id`) VALUES
(1, 'English (en)', 'en', '2025-07-18 15:46:46.420000', '2025-07-18 15:46:46.420000', NULL, NULL);

-- --------------------------------------------------------

--
-- Struttura della tabella `orders`
--

CREATE TABLE `orders` (
  `id` int(10) UNSIGNED NOT NULL,
  `status` varchar(255) DEFAULT NULL,
  `timestamp_apertura` datetime(6) DEFAULT NULL,
  `timestamp_chiusura` datetime(6) DEFAULT NULL,
  `total` decimal(10,2) DEFAULT NULL,
  `created_at` datetime(6) DEFAULT NULL,
  `updated_at` datetime(6) DEFAULT NULL,
  `created_by_id` int(10) UNSIGNED DEFAULT NULL,
  `updated_by_id` int(10) UNSIGNED DEFAULT NULL,
  `customer_name` varchar(255) DEFAULT NULL
) ENGINE=InnoDB DEFAULT CHARSET=utf8mb4;

--
-- Dump dei dati per la tabella `orders`
--

INSERT INTO `orders` (`id`, `status`, `timestamp_apertura`, `timestamp_chiusura`, `total`, `created_at`, `updated_at`, `created_by_id`, `updated_by_id`, `customer_name`) VALUES
(1, 'chiusa', '2025-08-10 17:44:23.119000', '2025-08-10 17:51:20.178000', '25.00', '2025-08-10 17:44:23.122000', '2025-08-10 17:51:20.180000', NULL, 1, NULL),
(2, 'chiusa', '2025-08-10 17:44:34.196000', '2025-08-10 18:02:17.246000', '0.00', '2025-08-10 17:44:34.198000', '2025-08-10 18:02:17.247000', NULL, 1, NULL),
(3, 'chiusa', '2025-08-10 17:54:18.082000', '2025-08-10 18:02:15.776000', '4.00', '2025-08-10 17:54:18.086000', '2025-08-10 18:02:15.779000', NULL, NULL, NULL),
(4, 'chiusa', '2025-08-10 18:02:02.614000', '2025-08-10 18:02:14.267000', '0.00', '2025-08-10 18:02:02.618000', '2025-08-10 18:02:14.269000', NULL, NULL, NULL),
(5, 'chiusa', '2025-08-10 18:02:19.867000', '2025-08-10 18:09:37.405000', '17.00', '2025-08-10 18:02:19.869000', '2025-08-10 18:09:37.409000', NULL, NULL, NULL),
(6, 'chiusa', '2025-08-10 18:09:39.474000', '2025-08-10 18:42:30.627000', '112.00', '2025-08-10 18:09:39.477000', '2025-08-10 18:42:30.629000', NULL, NULL, 'fghfhfg'),
(7, 'chiusa', '2025-08-10 18:17:39.483000', '2025-08-10 18:42:32.422000', '9.00', '2025-08-10 18:17:39.485000', '2025-08-10 18:42:32.424000', NULL, NULL, 'toto'),
(8, 'chiusa', '2025-08-10 18:42:34.442000', '2025-08-10 18:47:27.514000', '30.00', '2025-08-10 18:42:34.444000', '2025-08-10 18:47:27.516000', NULL, NULL, 'uytuytuty'),
(9, 'chiusa', '2025-08-10 18:47:30.258000', '2025-08-10 19:06:02.164000', '99.00', '2025-08-10 18:47:30.260000', '2025-08-10 19:06:02.166000', NULL, NULL, 'fghfgh'),
(10, 'chiusa', '2025-08-10 18:57:47.913000', '2025-08-10 19:06:00.181000', '20.00', '2025-08-10 18:57:47.914000', '2025-08-10 19:06:00.184000', NULL, NULL, 'sdfddf'),
(11, 'chiusa', '2025-08-10 19:06:05.008000', '2025-08-10 19:19:31.210000', '74.00', '2025-08-10 19:06:05.011000', '2025-08-10 19:19:31.211000', NULL, NULL, 'aaa'),
(12, 'chiusa', '2025-08-10 19:19:37.764000', '2025-08-10 19:20:57.536000', '41.00', '2025-08-10 19:19:37.766000', '2025-08-10 19:20:57.537000', NULL, NULL, 'jklkj'),
(13, 'chiusa', '2025-08-10 19:19:40.539000', '2025-08-10 19:21:14.561000', '36.00', '2025-08-10 19:19:40.541000', '2025-08-10 19:21:14.562000', NULL, NULL, 'h fgjhgj'),
(14, 'chiusa', '2025-08-10 19:22:35.008000', '2025-08-10 19:22:51.085000', '9.00', '2025-08-10 19:22:35.009000', '2025-08-10 19:22:51.086000', NULL, NULL, 'dsfsd'),
(15, 'chiusa', '2025-08-10 19:23:10.444000', '2025-08-10 19:23:38.836000', '51.00', '2025-08-10 19:23:10.444000', '2025-08-10 19:23:38.838000', NULL, NULL, 'dfsdf'),
(16, 'chiusa', '2025-08-10 19:27:04.973000', '2025-08-10 19:38:59.261000', '23.00', '2025-08-10 19:27:04.975000', '2025-08-10 19:38:59.263000', NULL, NULL, 'ciccio'),
(17, 'chiusa', '2025-08-10 19:39:28.974000', '2025-08-10 20:07:17.237000', '36.00', '2025-08-10 19:39:28.975000', '2025-08-10 20:07:17.239000', NULL, NULL, 'gfgh'),
(18, 'chiusa', '2025-08-10 20:07:38.762000', '2025-08-10 20:09:20.565000', '91.00', '2025-08-10 20:07:38.763000', '2025-08-10 20:09:20.566000', NULL, NULL, 'Ciccio');

-- --------------------------------------------------------

--
-- Struttura della tabella `orders_brewery_links`
--

CREATE TABLE `orders_brewery_links` (
  `id` int(10) UNSIGNED NOT NULL,
  `order_id` int(10) UNSIGNED DEFAULT NULL,
  `brewery_id` int(10) UNSIGNED DEFAULT NULL,
  `order_order` double UNSIGNED DEFAULT NULL
) ENGINE=InnoDB DEFAULT CHARSET=utf8mb4;

--
-- Dump dei dati per la tabella `orders_brewery_links`
--

INSERT INTO `orders_brewery_links` (`id`, `order_id`, `brewery_id`, `order_order`) VALUES
(1, 1, 1, 1),
(2, 2, 1, 2),
(3, 3, 1, 3),
(4, 4, 1, 4),
(5, 5, 1, 5),
(6, 6, 1, 6),
(7, 7, 1, 7),
(8, 8, 1, 8),
(9, 9, 1, 9),
(10, 10, 1, 10),
(11, 11, 1, 11),
(12, 12, 1, 12),
(13, 13, 1, 13),
(14, 14, 1, 14),
(15, 15, 1, 15),
(16, 16, 1, 16),
(17, 17, 1, 17),
(18, 18, 1, 18);

-- --------------------------------------------------------

--
-- Struttura della tabella `order_items`
--

CREATE TABLE `order_items` (
  `id` int(10) UNSIGNED NOT NULL,
  `size` decimal(10,2) DEFAULT NULL,
  `quantity` decimal(10,2) DEFAULT NULL,
  `unit_price` decimal(10,2) DEFAULT NULL,
  `total_price` decimal(10,2) DEFAULT NULL,
  `created_at` datetime(6) DEFAULT NULL,
  `updated_at` datetime(6) DEFAULT NULL,
  `created_by_id` int(10) UNSIGNED DEFAULT NULL,
  `updated_by_id` int(10) UNSIGNED DEFAULT NULL
) ENGINE=InnoDB DEFAULT CHARSET=utf8mb4;

--
-- Dump dei dati per la tabella `order_items`
--

INSERT INTO `order_items` (`id`, `size`, `quantity`, `unit_price`, `total_price`, `created_at`, `updated_at`, `created_by_id`, `updated_by_id`) VALUES
(1, '0.30', '1.00', '4.00', '4.00', '2025-08-10 17:49:40.990000', '2025-08-10 17:49:40.990000', NULL, NULL),
(2, '0.40', '1.00', '5.00', '5.00', '2025-08-10 17:49:53.701000', '2025-08-10 17:51:08.726000', NULL, 1),
(3, '0.30', '4.00', '4.00', '16.00', '2025-08-10 17:50:07.643000', '2025-08-10 17:50:07.643000', NULL, NULL),
(4, '0.30', '1.00', '4.00', '4.00', '2025-08-10 17:54:28.849000', '2025-08-10 17:54:28.849000', NULL, NULL),
(5, '0.40', '1.00', '5.00', '5.00', '2025-08-10 18:02:26.481000', '2025-08-10 18:02:26.481000', NULL, NULL),
(6, '0.30', '1.00', '4.00', '4.00', '2025-08-10 18:02:27.658000', '2025-08-10 18:02:27.658000', NULL, NULL),
(7, '0.30', '1.00', '4.00', '4.00', '2025-08-10 18:02:28.188000', '2025-08-10 18:02:28.188000', NULL, NULL),
(8, '0.30', '1.00', '4.00', '4.00', '2025-08-10 18:02:28.563000', '2025-08-10 18:02:28.563000', NULL, NULL),
(9, '0.30', '5.00', '4.00', '20.00', '2025-08-10 18:09:43.723000', '2025-08-10 18:42:27.255000', NULL, NULL),
(11, '0.40', '1.00', '5.00', '35.00', '2025-08-10 18:09:52.569000', '2025-08-10 18:29:17.588000', NULL, NULL),
(13, '0.40', '1.00', '5.00', '10.00', '2025-08-10 18:18:36.828000', '2025-08-10 18:29:31.070000', NULL, NULL),
(14, '0.30', '3.00', '4.00', '4.00', '2025-08-10 18:37:56.724000', '2025-08-10 18:38:40.704000', NULL, NULL),
(15, '0.40', '1.00', '5.00', '5.00', '2025-08-10 18:37:57.105000', '2025-08-10 18:37:57.105000', NULL, NULL),
(16, '0.30', '5.00', '4.00', '20.00', '2025-08-10 18:42:36.383000', '2025-08-10 18:47:24.014000', NULL, NULL),
(17, '0.40', '2.00', '5.00', '10.00', '2025-08-10 18:42:36.888000', '2025-08-10 18:42:41.894000', NULL, NULL),
(18, '0.30', '6.00', '4.00', '24.00', '2025-08-10 18:47:32.302000', '2025-08-10 18:47:58.742000', NULL, NULL),
(19, '0.40', '5.00', '5.00', '25.00', '2025-08-10 18:47:32.615000', '2025-08-10 19:02:05.419000', NULL, NULL),
(20, '0.40', '6.00', '5.00', '30.00', '2025-08-10 18:48:21.519000', '2025-08-10 19:02:12.266000', NULL, NULL),
(21, '0.30', '5.00', '4.00', '20.00', '2025-08-10 18:48:24.269000', '2025-08-10 18:48:50.713000', NULL, NULL),
(22, '0.30', '5.00', '4.00', '20.00', '2025-08-10 18:57:51.777000', '2025-08-10 19:02:19.671000', NULL, NULL),
(23, '0.40', '4.00', '5.00', '20.00', '2025-08-10 18:57:52.126000', '2025-08-10 18:57:58.100000', NULL, NULL),
(24, '0.30', '6.00', '4.00', '24.00', '2025-08-10 19:06:06.560000', '2025-08-10 19:18:56.628000', NULL, NULL),
(25, '0.40', '5.00', '5.00', '25.00', '2025-08-10 19:08:31.096000', '2025-08-10 19:08:35.265000', NULL, NULL),
(26, '0.40', '5.00', '5.00', '25.00', '2025-08-10 19:08:41.358000', '2025-08-10 19:08:44.601000', NULL, NULL),
(27, '0.30', '2.00', '4.00', '8.00', '2025-08-10 19:19:42.645000', '2025-08-10 19:19:42.796000', NULL, NULL),
(28, '0.40', '3.00', '5.00', '15.00', '2025-08-10 19:19:43.290000', '2025-08-10 19:19:43.576000', NULL, NULL),
(29, '0.30', '2.00', '4.00', '8.00', '2025-08-10 19:19:44.583000', '2025-08-10 19:19:44.734000', NULL, NULL),
(30, '0.40', '2.00', '5.00', '10.00', '2025-08-10 19:19:45.185000', '2025-08-10 19:19:45.327000', NULL, NULL),
(31, '0.30', '2.00', '4.00', '8.00', '2025-08-10 19:19:47.230000', '2025-08-10 19:19:47.383000', NULL, NULL),
(32, '0.40', '2.00', '5.00', '10.00', '2025-08-10 19:19:47.749000', '2025-08-10 19:19:47.885000', NULL, NULL),
(33, '0.40', '2.00', '5.00', '10.00', '2025-08-10 19:19:48.501000', '2025-08-10 19:19:48.653000', NULL, NULL),
(34, '0.30', '2.00', '4.00', '8.00', '2025-08-10 19:19:48.915000', '2025-08-10 19:19:49.078000', NULL, NULL),
(35, '0.30', '1.00', '4.00', '4.00', '2025-08-10 19:22:36.381000', '2025-08-10 19:22:36.381000', NULL, NULL),
(36, '0.40', '1.00', '5.00', '5.00', '2025-08-10 19:22:36.775000', '2025-08-10 19:22:36.775000', NULL, NULL),
(37, '0.30', '4.00', '4.00', '16.00', '2025-08-10 19:23:11.439000', '2025-08-10 19:23:12.914000', NULL, NULL),
(38, '0.40', '7.00', '5.00', '35.00', '2025-08-10 19:23:14.265000', '2025-08-10 19:23:16.006000', NULL, NULL),
(39, '0.30', '2.00', '4.00', '8.00', '2025-08-10 19:27:06.591000', '2025-08-10 19:27:08.006000', NULL, NULL),
(40, '0.40', '3.00', '5.00', '15.00', '2025-08-10 19:27:06.930000', '2025-08-10 19:27:07.328000', NULL, NULL),
(41, '0.30', '2.00', '4.00', '8.00', '2025-08-10 19:41:03.920000', '2025-08-10 19:41:04.051000', NULL, NULL),
(42, '0.40', '2.00', '5.00', '10.00', '2025-08-10 19:41:04.314000', '2025-08-10 19:41:04.449000', NULL, NULL),
(43, '0.40', '2.00', '5.00', '10.00', '2025-08-10 19:41:05.581000', '2025-08-10 19:41:05.725000', NULL, NULL),
(44, '0.30', '2.00', '4.00', '8.00', '2025-08-10 19:41:06.009000', '2025-08-10 19:41:06.153000', NULL, NULL),
(45, '0.30', '4.00', '4.00', '16.00', '2025-08-10 20:07:42.489000', '2025-08-10 20:07:44.490000', NULL, NULL),
(46, '0.40', '6.00', '5.00', '30.00', '2025-08-10 20:07:42.829000', '2025-08-10 20:07:44.895000', NULL, NULL),
(47, '0.40', '3.00', '5.00', '15.00', '2025-08-10 20:07:46.217000', '2025-08-10 20:07:47.494000', NULL, NULL),
(48, '0.30', '3.00', '4.00', '12.00', '2025-08-10 20:07:46.544000', '2025-08-10 20:07:46.872000', NULL, NULL),
(49, '0.40', '2.00', '5.00', '10.00', '2025-08-10 20:07:48.690000', '2025-08-10 20:07:48.837000', NULL, NULL),
(50, '0.30', '2.00', '4.00', '8.00', '2025-08-10 20:07:49.078000', '2025-08-10 20:07:49.227000', NULL, NULL);

-- --------------------------------------------------------

--
-- Struttura della tabella `order_items_connected_keg_links`
--

CREATE TABLE `order_items_connected_keg_links` (
  `id` int(10) UNSIGNED NOT NULL,
  `order_item_id` int(10) UNSIGNED DEFAULT NULL,
  `connected_keg_id` int(10) UNSIGNED DEFAULT NULL,
  `order_item_order` double UNSIGNED DEFAULT NULL
) ENGINE=InnoDB DEFAULT CHARSET=utf8mb4;

--
-- Dump dei dati per la tabella `order_items_connected_keg_links`
--

INSERT INTO `order_items_connected_keg_links` (`id`, `order_item_id`, `connected_keg_id`, `order_item_order`) VALUES
(1, 1, 2, 1),
(2, 2, 2, 2),
(3, 3, 2, 3),
(4, 4, 2, 4),
(5, 5, 2, 5),
(6, 6, 2, 6),
(7, 7, 2, 7),
(8, 8, 2, 8),
(9, 9, 2, 9),
(11, 11, 3, 1),
(13, 13, 4, 1),
(14, 14, 2, 10),
(15, 15, 2, 11),
(16, 16, 2, 12),
(17, 17, 2, 13),
(18, 18, 2, 14),
(19, 19, 2, 15),
(20, 20, 3, 2),
(21, 21, 3, 3),
(22, 22, 3, 4),
(23, 23, 3, 5),
(24, 24, 2, 16),
(25, 25, 2, 17),
(26, 26, 3, 6),
(27, 27, 2, 18),
(28, 28, 2, 19),
(29, 29, 3, 7),
(30, 30, 3, 8),
(31, 31, 4, 2),
(32, 32, 4, 3),
(33, 33, 2, 20),
(34, 34, 2, 21),
(35, 35, 2, 22),
(36, 36, 2, 23),
(37, 37, 2, 24),
(38, 38, 2, 25),
(39, 39, 2, 26),
(40, 40, 2, 27),
(41, 41, 2, 28),
(42, 42, 2, 29),
(43, 43, 3, 9),
(44, 44, 3, 10),
(45, 45, 2, 30),
(46, 46, 2, 31),
(47, 47, 3, 11),
(48, 48, 3, 12),
(49, 49, 4, 4),
(50, 50, 4, 5);

-- --------------------------------------------------------

--
-- Struttura della tabella `order_items_order_links`
--

CREATE TABLE `order_items_order_links` (
  `id` int(10) UNSIGNED NOT NULL,
  `order_item_id` int(10) UNSIGNED DEFAULT NULL,
  `order_id` int(10) UNSIGNED DEFAULT NULL,
  `order_item_order` double UNSIGNED DEFAULT NULL
) ENGINE=InnoDB DEFAULT CHARSET=utf8mb4;

--
-- Dump dei dati per la tabella `order_items_order_links`
--

INSERT INTO `order_items_order_links` (`id`, `order_item_id`, `order_id`, `order_item_order`) VALUES
(1, 1, 1, 1),
(2, 2, 1, 2),
(3, 3, 1, 3),
(4, 4, 3, 1),
(5, 5, 5, 1),
(6, 6, 5, 2),
(7, 7, 5, 3),
(8, 8, 5, 4),
(9, 9, 6, 1),
(11, 11, 6, 3),
(13, 13, 6, 5),
(14, 14, 7, 1),
(15, 15, 7, 2),
(16, 16, 8, 1),
(17, 17, 8, 2),
(18, 18, 9, 1),
(19, 19, 9, 2),
(20, 20, 9, 3),
(21, 21, 9, 4),
(22, 22, 10, 1),
(23, 23, 10, 2),
(24, 24, 11, 1),
(25, 25, 11, 2),
(26, 26, 11, 3),
(27, 27, 12, 1),
(28, 28, 12, 2),
(29, 29, 12, 3),
(30, 30, 12, 4),
(31, 31, 13, 1),
(32, 32, 13, 2),
(33, 33, 13, 3),
(34, 34, 13, 4),
(35, 35, 14, 1),
(36, 36, 14, 2),
(37, 37, 15, 1),
(38, 38, 15, 2),
(39, 39, 16, 1),
(40, 40, 16, 2),
(41, 41, 17, 1),
(42, 42, 17, 2),
(43, 43, 17, 3),
(44, 44, 17, 4),
(45, 45, 18, 1),
(46, 46, 18, 2),
(47, 47, 18, 3),
(48, 48, 18, 4),
(49, 49, 18, 5),
(50, 50, 18, 6);

-- --------------------------------------------------------

--
-- Struttura della tabella `order_items_product_links`
--

CREATE TABLE `order_items_product_links` (
  `id` int(10) UNSIGNED NOT NULL,
  `order_item_id` int(10) UNSIGNED DEFAULT NULL,
  `product_id` int(10) UNSIGNED DEFAULT NULL,
  `order_item_order` double UNSIGNED DEFAULT NULL
) ENGINE=InnoDB DEFAULT CHARSET=utf8mb4;

--
-- Dump dei dati per la tabella `order_items_product_links`
--

INSERT INTO `order_items_product_links` (`id`, `order_item_id`, `product_id`, `order_item_order`) VALUES
(1, 1, 4, 1),
(2, 2, 4, 2),
(3, 3, 4, 3),
(4, 4, 4, 4),
(5, 5, 4, 5),
(6, 6, 4, 6),
(7, 7, 4, 7),
(8, 8, 4, 8),
(9, 9, 4, 9),
(11, 11, 4, 11),
(13, 13, 4, 13),
(14, 14, 4, 14),
(15, 15, 4, 15),
(16, 16, 4, 16),
(17, 17, 4, 17),
(18, 18, 4, 18),
(19, 19, 4, 19),
(20, 20, 4, 20),
(21, 21, 4, 21),
(22, 22, 4, 22),
(23, 23, 4, 23),
(24, 24, 4, 24),
(25, 25, 4, 25),
(26, 26, 4, 26),
(27, 27, 4, 27),
(28, 28, 4, 28),
(29, 29, 4, 29),
(30, 30, 4, 30),
(31, 31, 4, 31),
(32, 32, 4, 32),
(33, 33, 4, 33),
(34, 34, 4, 34),
(35, 35, 4, 35),
(36, 36, 4, 36),
(37, 37, 4, 37),
(38, 38, 4, 38),
(39, 39, 4, 39),
(40, 40, 4, 40),
(41, 41, 4, 41),
(42, 42, 4, 42),
(43, 43, 4, 43),
(44, 44, 4, 44),
(45, 45, 4, 45),
(46, 46, 4, 46),
(47, 47, 4, 47),
(48, 48, 4, 48),
(49, 49, 4, 49),
(50, 50, 4, 50);

-- --------------------------------------------------------

--
-- Struttura della tabella `payments`
--

CREATE TABLE `payments` (
  `id` int(10) UNSIGNED NOT NULL,
  `method` varchar(255) DEFAULT NULL,
  `amount_cents` int(11) DEFAULT NULL,
  `status` varchar(255) DEFAULT NULL,
  `meta` longtext CHARACTER SET utf8mb4 COLLATE utf8mb4_bin DEFAULT NULL CHECK (json_valid(`meta`)),
  `created_at` datetime(6) DEFAULT NULL,
  `updated_at` datetime(6) DEFAULT NULL,
  `created_by_id` int(10) UNSIGNED DEFAULT NULL,
  `updated_by_id` int(10) UNSIGNED DEFAULT NULL
) ENGINE=InnoDB DEFAULT CHARSET=utf8mb4;

--
-- Dump dei dati per la tabella `payments`
--

INSERT INTO `payments` (`id`, `method`, `amount_cents`, `status`, `meta`, `created_at`, `updated_at`, `created_by_id`, `updated_by_id`) VALUES
(1, 'CASH', 1300, 'SETTLED', '{\"given\":1300}', '2025-08-10 20:05:31.709000', '2025-08-10 20:05:31.709000', NULL, NULL),
(2, 'CASH', 500, 'SETTLED', '{\"given\":500}', '2025-08-10 20:07:06.117000', '2025-08-10 20:07:06.117000', NULL, NULL),
(3, 'CASH', 1800, 'SETTLED', '{\"given\":1800}', '2025-08-10 20:07:13.915000', '2025-08-10 20:07:13.915000', NULL, NULL),
(4, 'CASH', 1000, 'SETTLED', '{\"given\":1000}', '2025-08-10 20:07:53.834000', '2025-08-10 20:07:53.834000', NULL, NULL),
(5, 'CASH', 1800, 'SETTLED', '{\"given\":1800}', '2025-08-10 20:07:59.465000', '2025-08-10 20:07:59.465000', NULL, NULL),
(6, 'CASH', 2200, 'SETTLED', '{\"given\":2200}', '2025-08-10 20:08:12.525000', '2025-08-10 20:08:12.525000', NULL, NULL),
(7, 'CASH', 5100, 'SETTLED', '{\"given\":5100}', '2025-08-10 20:08:41.688000', '2025-08-10 20:08:41.688000', NULL, NULL);

-- --------------------------------------------------------

--
-- Struttura della tabella `payments_components`
--

CREATE TABLE `payments_components` (
  `id` int(10) UNSIGNED NOT NULL,
  `entity_id` int(10) UNSIGNED DEFAULT NULL,
  `component_id` int(10) UNSIGNED DEFAULT NULL,
  `component_type` varchar(255) DEFAULT NULL,
  `field` varchar(255) DEFAULT NULL,
  `order` double UNSIGNED DEFAULT NULL
) ENGINE=InnoDB DEFAULT CHARSET=utf8mb4;

--
-- Dump dei dati per la tabella `payments_components`
--

INSERT INTO `payments_components` (`id`, `entity_id`, `component_id`, `component_type`, `field`, `order`) VALUES
(1, 1, 1, 'payment.allocation', 'allocations', 1),
(2, 1, 2, 'payment.allocation', 'allocations', 2),
(3, 1, 3, 'payment.allocation', 'allocations', 3),
(4, 2, 4, 'payment.allocation', 'allocations', 1),
(5, 5, 5, 'payment.allocation', 'allocations', 1),
(6, 5, 6, 'payment.allocation', 'allocations', 2),
(7, 5, 7, 'payment.allocation', 'allocations', 3),
(8, 5, 8, 'payment.allocation', 'allocations', 4),
(9, 6, 9, 'payment.allocation', 'allocations', 1),
(10, 6, 10, 'payment.allocation', 'allocations', 2),
(11, 7, 11, 'payment.allocation', 'allocations', 1),
(12, 7, 12, 'payment.allocation', 'allocations', 2),
(13, 7, 13, 'payment.allocation', 'allocations', 3),
(14, 7, 14, 'payment.allocation', 'allocations', 4);

-- --------------------------------------------------------

--
-- Struttura della tabella `payments_order_links`
--

CREATE TABLE `payments_order_links` (
  `id` int(10) UNSIGNED NOT NULL,
  `payment_id` int(10) UNSIGNED DEFAULT NULL,
  `order_id` int(10) UNSIGNED DEFAULT NULL,
  `payment_order` double UNSIGNED DEFAULT NULL
) ENGINE=InnoDB DEFAULT CHARSET=utf8mb4;

--
-- Dump dei dati per la tabella `payments_order_links`
--

INSERT INTO `payments_order_links` (`id`, `payment_id`, `order_id`, `payment_order`) VALUES
(1, 1, 17, 1),
(2, 2, 17, 2),
(3, 3, 17, 3),
(4, 4, 18, 1),
(5, 5, 18, 2),
(6, 6, 18, 3),
(7, 7, 18, 4);

-- --------------------------------------------------------

--
-- Struttura della tabella `products`
--

CREATE TABLE `products` (
  `id` int(10) UNSIGNED NOT NULL,
  `name` varchar(255) DEFAULT NULL,
  `type` varchar(255) DEFAULT NULL,
  `description` longtext DEFAULT NULL,
  `abv` decimal(10,2) DEFAULT NULL,
  `formats` longtext CHARACTER SET utf8mb4 COLLATE utf8mb4_bin DEFAULT NULL CHECK (json_valid(`formats`)),
  `created_at` datetime(6) DEFAULT NULL,
  `updated_at` datetime(6) DEFAULT NULL,
  `created_by_id` int(10) UNSIGNED DEFAULT NULL,
  `updated_by_id` int(10) UNSIGNED DEFAULT NULL,
  `liters_per_unit` decimal(10,2) DEFAULT NULL,
  `price` decimal(10,2) DEFAULT NULL
) ENGINE=InnoDB DEFAULT CHARSET=utf8;

--
-- Dump dei dati per la tabella `products`
--

INSERT INTO `products` (`id`, `name`, `type`, `description`, `abv`, `formats`, `created_at`, `updated_at`, `created_by_id`, `updated_by_id`, `liters_per_unit`, `price`) VALUES
(2, 'APA Bottiglia 33cl', 'Birra', NULL, '6.00', '[]', '2025-07-21 20:19:47.351000', '2025-07-21 20:20:06.422000', 1, 1, NULL, NULL),
(4, 'Birra pilsner 20L', 'Birra', NULL, '5.20', NULL, '2025-07-21 20:39:14.863000', '2025-07-21 20:39:15.530000', 1, 1, '20.00', NULL),
(5, 'Speis pigs', 'Birra', 'Buona buona', '9.00', NULL, '2025-07-21 20:52:45.570000', '2025-07-21 20:52:45.570000', NULL, NULL, '30.00', NULL),
(6, 'Birra pilsner 30L', 'Birra', '', '5.20', NULL, '2025-07-21 21:24:37.702000', '2025-07-21 21:24:37.702000', NULL, NULL, '30.00', NULL);

-- --------------------------------------------------------

--
-- Struttura della tabella `products_brewery_links`
--

CREATE TABLE `products_brewery_links` (
  `id` int(10) UNSIGNED NOT NULL,
  `product_id` int(10) UNSIGNED DEFAULT NULL,
  `brewery_id` int(10) UNSIGNED DEFAULT NULL,
  `product_order` double UNSIGNED DEFAULT NULL
) ENGINE=InnoDB DEFAULT CHARSET=utf8;

--
-- Dump dei dati per la tabella `products_brewery_links`
--

INSERT INTO `products_brewery_links` (`id`, `product_id`, `brewery_id`, `product_order`) VALUES
(2, 2, 1, 2),
(4, 4, 1, 4),
(8, 6, 1, 5);

-- --------------------------------------------------------

--
-- Struttura della tabella `stock_movements`
--

CREATE TABLE `stock_movements` (
  `id` int(10) UNSIGNED NOT NULL,
  `type` varchar(255) DEFAULT NULL,
  `unit` varchar(255) DEFAULT NULL,
  `quantity` decimal(10,2) DEFAULT NULL,
  `note` longtext DEFAULT NULL,
  `created_at` datetime(6) DEFAULT NULL,
  `updated_at` datetime(6) DEFAULT NULL,
  `created_by_id` int(10) UNSIGNED DEFAULT NULL,
  `updated_by_id` int(10) UNSIGNED DEFAULT NULL
) ENGINE=InnoDB DEFAULT CHARSET=utf8;

--
-- Dump dei dati per la tabella `stock_movements`
--

INSERT INTO `stock_movements` (`id`, `type`, `unit`, `quantity`, `note`, `created_at`, `updated_at`, `created_by_id`, `updated_by_id`) VALUES
(1, 'carico', 'pezzi', '24.00', 'Cassa da 24 bottiglie APA', '2025-07-21 20:20:49.820000', '2025-07-21 20:20:50.896000', 1, 1),
(2, 'carico', 'litri', '30.00', 'Fusto da 30L Pilsner', '2025-07-21 20:21:13.258000', '2025-07-21 20:21:13.841000', 1, 1),
(3, 'scarico', 'litri', '30.00', 'dfsf', '2025-07-21 20:27:52.159000', '2025-07-21 20:27:52.159000', NULL, NULL),
(4, 'carico', 'litri', '60.00', '', '2025-07-21 20:28:05.554000', '2025-07-21 20:28:05.554000', NULL, NULL),
(5, 'carico', 'pezzi', '2.00', '', '2025-07-21 20:35:38.396000', '2025-07-21 20:35:38.396000', NULL, NULL),
(6, 'carico', 'pezzi', '2.00', 'Mukkeller', '2025-07-21 20:39:43.492000', '2025-07-21 20:39:43.492000', NULL, NULL),
(7, 'carico', 'pezzi', '3.00', '', '2025-07-21 20:53:29.982000', '2025-07-21 20:53:29.982000', NULL, NULL),
(8, 'carico', 'pezzi', '3.00', 'sadas', '2025-07-21 21:21:59.069000', '2025-07-21 21:21:59.069000', NULL, NULL),
(9, 'carico', 'pezzi', '4.00', '', '2025-07-21 21:24:57.081000', '2025-07-21 21:24:57.081000', NULL, NULL),
(10, 'carico', 'pezzi', '10.00', '', '2025-08-10 18:58:39.577000', '2025-08-10 18:58:39.577000', NULL, NULL);

-- --------------------------------------------------------

--
-- Struttura della tabella `stock_movements_brewery_links`
--

CREATE TABLE `stock_movements_brewery_links` (
  `id` int(10) UNSIGNED NOT NULL,
  `stock_movement_id` int(10) UNSIGNED DEFAULT NULL,
  `brewery_id` int(10) UNSIGNED DEFAULT NULL,
  `stock_movement_order` double UNSIGNED DEFAULT NULL
) ENGINE=InnoDB DEFAULT CHARSET=utf8;

--
-- Dump dei dati per la tabella `stock_movements_brewery_links`
--

INSERT INTO `stock_movements_brewery_links` (`id`, `stock_movement_id`, `brewery_id`, `stock_movement_order`) VALUES
(1, 1, 1, 1),
(2, 2, 1, 2),
(3, 8, 1, 3),
(4, 9, 1, 4),
(5, 10, 1, 5);

-- --------------------------------------------------------

--
-- Struttura della tabella `stock_movements_product_links`
--

CREATE TABLE `stock_movements_product_links` (
  `id` int(10) UNSIGNED NOT NULL,
  `stock_movement_id` int(10) UNSIGNED DEFAULT NULL,
  `product_id` int(10) UNSIGNED DEFAULT NULL,
  `stock_movement_order` double UNSIGNED DEFAULT NULL
) ENGINE=InnoDB DEFAULT CHARSET=utf8;

--
-- Dump dei dati per la tabella `stock_movements_product_links`
--

INSERT INTO `stock_movements_product_links` (`id`, `stock_movement_id`, `product_id`, `stock_movement_order`) VALUES
(1, 1, 2, 1),
(6, 6, 4, 1),
(7, 7, 5, 1),
(9, 9, 6, 1),
(10, 10, 2, 2);

-- --------------------------------------------------------

--
-- Struttura della tabella `strapi_api_tokens`
--

CREATE TABLE `strapi_api_tokens` (
  `id` int(10) UNSIGNED NOT NULL,
  `name` varchar(255) DEFAULT NULL,
  `description` varchar(255) DEFAULT NULL,
  `type` varchar(255) DEFAULT NULL,
  `access_key` varchar(255) DEFAULT NULL,
  `last_used_at` datetime(6) DEFAULT NULL,
  `expires_at` datetime(6) DEFAULT NULL,
  `lifespan` bigint(20) DEFAULT NULL,
  `created_at` datetime(6) DEFAULT NULL,
  `updated_at` datetime(6) DEFAULT NULL,
  `created_by_id` int(10) UNSIGNED DEFAULT NULL,
  `updated_by_id` int(10) UNSIGNED DEFAULT NULL
) ENGINE=InnoDB DEFAULT CHARSET=utf8;

-- --------------------------------------------------------

--
-- Struttura della tabella `strapi_api_token_permissions`
--

CREATE TABLE `strapi_api_token_permissions` (
  `id` int(10) UNSIGNED NOT NULL,
  `action` varchar(255) DEFAULT NULL,
  `created_at` datetime(6) DEFAULT NULL,
  `updated_at` datetime(6) DEFAULT NULL,
  `created_by_id` int(10) UNSIGNED DEFAULT NULL,
  `updated_by_id` int(10) UNSIGNED DEFAULT NULL
) ENGINE=InnoDB DEFAULT CHARSET=utf8;

-- --------------------------------------------------------

--
-- Struttura della tabella `strapi_api_token_permissions_token_links`
--

CREATE TABLE `strapi_api_token_permissions_token_links` (
  `id` int(10) UNSIGNED NOT NULL,
  `api_token_permission_id` int(10) UNSIGNED DEFAULT NULL,
  `api_token_id` int(10) UNSIGNED DEFAULT NULL,
  `api_token_permission_order` double UNSIGNED DEFAULT NULL
) ENGINE=InnoDB DEFAULT CHARSET=utf8;

-- --------------------------------------------------------

--
-- Struttura della tabella `strapi_core_store_settings`
--

CREATE TABLE `strapi_core_store_settings` (
  `id` int(10) UNSIGNED NOT NULL,
  `key` varchar(255) DEFAULT NULL,
  `value` longtext DEFAULT NULL,
  `type` varchar(255) DEFAULT NULL,
  `environment` varchar(255) DEFAULT NULL,
  `tag` varchar(255) DEFAULT NULL
) ENGINE=InnoDB DEFAULT CHARSET=utf8;

--
-- Dump dei dati per la tabella `strapi_core_store_settings`
--

INSERT INTO `strapi_core_store_settings` (`id`, `key`, `value`, `type`, `environment`, `tag`) VALUES
(1, 'strapi_content_types_schema', '{\"admin::permission\":{\"collectionName\":\"admin_permissions\",\"info\":{\"name\":\"Permission\",\"description\":\"\",\"singularName\":\"permission\",\"pluralName\":\"permissions\",\"displayName\":\"Permission\"},\"options\":{},\"pluginOptions\":{\"content-manager\":{\"visible\":false},\"content-type-builder\":{\"visible\":false}},\"attributes\":{\"action\":{\"type\":\"string\",\"minLength\":1,\"configurable\":false,\"required\":true},\"actionParameters\":{\"type\":\"json\",\"configurable\":false,\"required\":false,\"default\":{}},\"subject\":{\"type\":\"string\",\"minLength\":1,\"configurable\":false,\"required\":false},\"properties\":{\"type\":\"json\",\"configurable\":false,\"required\":false,\"default\":{}},\"conditions\":{\"type\":\"json\",\"configurable\":false,\"required\":false,\"default\":[]},\"role\":{\"configurable\":false,\"type\":\"relation\",\"relation\":\"manyToOne\",\"inversedBy\":\"permissions\",\"target\":\"admin::role\"},\"createdAt\":{\"type\":\"datetime\"},\"updatedAt\":{\"type\":\"datetime\"},\"createdBy\":{\"type\":\"relation\",\"relation\":\"oneToOne\",\"target\":\"admin::user\",\"configurable\":false,\"writable\":false,\"visible\":false,\"useJoinTable\":false,\"private\":true},\"updatedBy\":{\"type\":\"relation\",\"relation\":\"oneToOne\",\"target\":\"admin::user\",\"configurable\":false,\"writable\":false,\"visible\":false,\"useJoinTable\":false,\"private\":true}},\"kind\":\"collectionType\",\"__schema__\":{\"collectionName\":\"admin_permissions\",\"info\":{\"name\":\"Permission\",\"description\":\"\",\"singularName\":\"permission\",\"pluralName\":\"permissions\",\"displayName\":\"Permission\"},\"options\":{},\"pluginOptions\":{\"content-manager\":{\"visible\":false},\"content-type-builder\":{\"visible\":false}},\"attributes\":{\"action\":{\"type\":\"string\",\"minLength\":1,\"configurable\":false,\"required\":true},\"actionParameters\":{\"type\":\"json\",\"configurable\":false,\"required\":false,\"default\":{}},\"subject\":{\"type\":\"string\",\"minLength\":1,\"configurable\":false,\"required\":false},\"properties\":{\"type\":\"json\",\"configurable\":false,\"required\":false,\"default\":{}},\"conditions\":{\"type\":\"json\",\"configurable\":false,\"required\":false,\"default\":[]},\"role\":{\"configurable\":false,\"type\":\"relation\",\"relation\":\"manyToOne\",\"inversedBy\":\"permissions\",\"target\":\"admin::role\"}},\"kind\":\"collectionType\"},\"modelType\":\"contentType\",\"modelName\":\"permission\",\"connection\":\"default\",\"uid\":\"admin::permission\",\"plugin\":\"admin\",\"globalId\":\"AdminPermission\"},\"admin::user\":{\"collectionName\":\"admin_users\",\"info\":{\"name\":\"User\",\"description\":\"\",\"singularName\":\"user\",\"pluralName\":\"users\",\"displayName\":\"User\"},\"pluginOptions\":{\"content-manager\":{\"visible\":false},\"content-type-builder\":{\"visible\":false}},\"attributes\":{\"firstname\":{\"type\":\"string\",\"unique\":false,\"minLength\":1,\"configurable\":false,\"required\":false},\"lastname\":{\"type\":\"string\",\"unique\":false,\"minLength\":1,\"configurable\":false,\"required\":false},\"username\":{\"type\":\"string\",\"unique\":false,\"configurable\":false,\"required\":false},\"email\":{\"type\":\"email\",\"minLength\":6,\"configurable\":false,\"required\":true,\"unique\":true,\"private\":true},\"password\":{\"type\":\"password\",\"minLength\":6,\"configurable\":false,\"required\":false,\"private\":true,\"searchable\":false},\"resetPasswordToken\":{\"type\":\"string\",\"configurable\":false,\"private\":true,\"searchable\":false},\"registrationToken\":{\"type\":\"string\",\"configurable\":false,\"private\":true,\"searchable\":false},\"isActive\":{\"type\":\"boolean\",\"default\":false,\"configurable\":false,\"private\":true},\"roles\":{\"configurable\":false,\"private\":true,\"type\":\"relation\",\"relation\":\"manyToMany\",\"inversedBy\":\"users\",\"target\":\"admin::role\",\"collectionName\":\"strapi_users_roles\"},\"blocked\":{\"type\":\"boolean\",\"default\":false,\"configurable\":false,\"private\":true},\"preferedLanguage\":{\"type\":\"string\",\"configurable\":false,\"required\":false,\"searchable\":false},\"createdAt\":{\"type\":\"datetime\"},\"updatedAt\":{\"type\":\"datetime\"},\"createdBy\":{\"type\":\"relation\",\"relation\":\"oneToOne\",\"target\":\"admin::user\",\"configurable\":false,\"writable\":false,\"visible\":false,\"useJoinTable\":false,\"private\":true},\"updatedBy\":{\"type\":\"relation\",\"relation\":\"oneToOne\",\"target\":\"admin::user\",\"configurable\":false,\"writable\":false,\"visible\":false,\"useJoinTable\":false,\"private\":true}},\"config\":{\"attributes\":{\"resetPasswordToken\":{\"hidden\":true},\"registrationToken\":{\"hidden\":true}}},\"kind\":\"collectionType\",\"__schema__\":{\"collectionName\":\"admin_users\",\"info\":{\"name\":\"User\",\"description\":\"\",\"singularName\":\"user\",\"pluralName\":\"users\",\"displayName\":\"User\"},\"pluginOptions\":{\"content-manager\":{\"visible\":false},\"content-type-builder\":{\"visible\":false}},\"attributes\":{\"firstname\":{\"type\":\"string\",\"unique\":false,\"minLength\":1,\"configurable\":false,\"required\":false},\"lastname\":{\"type\":\"string\",\"unique\":false,\"minLength\":1,\"configurable\":false,\"required\":false},\"username\":{\"type\":\"string\",\"unique\":false,\"configurable\":false,\"required\":false},\"email\":{\"type\":\"email\",\"minLength\":6,\"configurable\":false,\"required\":true,\"unique\":true,\"private\":true},\"password\":{\"type\":\"password\",\"minLength\":6,\"configurable\":false,\"required\":false,\"private\":true,\"searchable\":false},\"resetPasswordToken\":{\"type\":\"string\",\"configurable\":false,\"private\":true,\"searchable\":false},\"registrationToken\":{\"type\":\"string\",\"configurable\":false,\"private\":true,\"searchable\":false},\"isActive\":{\"type\":\"boolean\",\"default\":false,\"configurable\":false,\"private\":true},\"roles\":{\"configurable\":false,\"private\":true,\"type\":\"relation\",\"relation\":\"manyToMany\",\"inversedBy\":\"users\",\"target\":\"admin::role\",\"collectionName\":\"strapi_users_roles\"},\"blocked\":{\"type\":\"boolean\",\"default\":false,\"configurable\":false,\"private\":true},\"preferedLanguage\":{\"type\":\"string\",\"configurable\":false,\"required\":false,\"searchable\":false}},\"kind\":\"collectionType\"},\"modelType\":\"contentType\",\"modelName\":\"user\",\"connection\":\"default\",\"uid\":\"admin::user\",\"plugin\":\"admin\",\"globalId\":\"AdminUser\"},\"admin::role\":{\"collectionName\":\"admin_roles\",\"info\":{\"name\":\"Role\",\"description\":\"\",\"singularName\":\"role\",\"pluralName\":\"roles\",\"displayName\":\"Role\"},\"options\":{},\"pluginOptions\":{\"content-manager\":{\"visible\":false},\"content-type-builder\":{\"visible\":false}},\"attributes\":{\"name\":{\"type\":\"string\",\"minLength\":1,\"unique\":true,\"configurable\":false,\"required\":true},\"code\":{\"type\":\"string\",\"minLength\":1,\"unique\":true,\"configurable\":false,\"required\":true},\"description\":{\"type\":\"string\",\"configurable\":false},\"users\":{\"configurable\":false,\"type\":\"relation\",\"relation\":\"manyToMany\",\"mappedBy\":\"roles\",\"target\":\"admin::user\"},\"permissions\":{\"configurable\":false,\"type\":\"relation\",\"relation\":\"oneToMany\",\"mappedBy\":\"role\",\"target\":\"admin::permission\"},\"createdAt\":{\"type\":\"datetime\"},\"updatedAt\":{\"type\":\"datetime\"},\"createdBy\":{\"type\":\"relation\",\"relation\":\"oneToOne\",\"target\":\"admin::user\",\"configurable\":false,\"writable\":false,\"visible\":false,\"useJoinTable\":false,\"private\":true},\"updatedBy\":{\"type\":\"relation\",\"relation\":\"oneToOne\",\"target\":\"admin::user\",\"configurable\":false,\"writable\":false,\"visible\":false,\"useJoinTable\":false,\"private\":true}},\"kind\":\"collectionType\",\"__schema__\":{\"collectionName\":\"admin_roles\",\"info\":{\"name\":\"Role\",\"description\":\"\",\"singularName\":\"role\",\"pluralName\":\"roles\",\"displayName\":\"Role\"},\"options\":{},\"pluginOptions\":{\"content-manager\":{\"visible\":false},\"content-type-builder\":{\"visible\":false}},\"attributes\":{\"name\":{\"type\":\"string\",\"minLength\":1,\"unique\":true,\"configurable\":false,\"required\":true},\"code\":{\"type\":\"string\",\"minLength\":1,\"unique\":true,\"configurable\":false,\"required\":true},\"description\":{\"type\":\"string\",\"configurable\":false},\"users\":{\"configurable\":false,\"type\":\"relation\",\"relation\":\"manyToMany\",\"mappedBy\":\"roles\",\"target\":\"admin::user\"},\"permissions\":{\"configurable\":false,\"type\":\"relation\",\"relation\":\"oneToMany\",\"mappedBy\":\"role\",\"target\":\"admin::permission\"}},\"kind\":\"collectionType\"},\"modelType\":\"contentType\",\"modelName\":\"role\",\"connection\":\"default\",\"uid\":\"admin::role\",\"plugin\":\"admin\",\"globalId\":\"AdminRole\"},\"admin::api-token\":{\"collectionName\":\"strapi_api_tokens\",\"info\":{\"name\":\"Api Token\",\"singularName\":\"api-token\",\"pluralName\":\"api-tokens\",\"displayName\":\"Api Token\",\"description\":\"\"},\"options\":{},\"pluginOptions\":{\"content-manager\":{\"visible\":false},\"content-type-builder\":{\"visible\":false}},\"attributes\":{\"name\":{\"type\":\"string\",\"minLength\":1,\"configurable\":false,\"required\":true,\"unique\":true},\"description\":{\"type\":\"string\",\"minLength\":1,\"configurable\":false,\"required\":false,\"default\":\"\"},\"type\":{\"type\":\"enumeration\",\"enum\":[\"read-only\",\"full-access\",\"custom\"],\"configurable\":false,\"required\":true,\"default\":\"read-only\"},\"accessKey\":{\"type\":\"string\",\"minLength\":1,\"configurable\":false,\"required\":true,\"searchable\":false},\"lastUsedAt\":{\"type\":\"datetime\",\"configurable\":false,\"required\":false},\"permissions\":{\"type\":\"relation\",\"target\":\"admin::api-token-permission\",\"relation\":\"oneToMany\",\"mappedBy\":\"token\",\"configurable\":false,\"required\":false},\"expiresAt\":{\"type\":\"datetime\",\"configurable\":false,\"required\":false},\"lifespan\":{\"type\":\"biginteger\",\"configurable\":false,\"required\":false},\"createdAt\":{\"type\":\"datetime\"},\"updatedAt\":{\"type\":\"datetime\"},\"createdBy\":{\"type\":\"relation\",\"relation\":\"oneToOne\",\"target\":\"admin::user\",\"configurable\":false,\"writable\":false,\"visible\":false,\"useJoinTable\":false,\"private\":true},\"updatedBy\":{\"type\":\"relation\",\"relation\":\"oneToOne\",\"target\":\"admin::user\",\"configurable\":false,\"writable\":false,\"visible\":false,\"useJoinTable\":false,\"private\":true}},\"kind\":\"collectionType\",\"__schema__\":{\"collectionName\":\"strapi_api_tokens\",\"info\":{\"name\":\"Api Token\",\"singularName\":\"api-token\",\"pluralName\":\"api-tokens\",\"displayName\":\"Api Token\",\"description\":\"\"},\"options\":{},\"pluginOptions\":{\"content-manager\":{\"visible\":false},\"content-type-builder\":{\"visible\":false}},\"attributes\":{\"name\":{\"type\":\"string\",\"minLength\":1,\"configurable\":false,\"required\":true,\"unique\":true},\"description\":{\"type\":\"string\",\"minLength\":1,\"configurable\":false,\"required\":false,\"default\":\"\"},\"type\":{\"type\":\"enumeration\",\"enum\":[\"read-only\",\"full-access\",\"custom\"],\"configurable\":false,\"required\":true,\"default\":\"read-only\"},\"accessKey\":{\"type\":\"string\",\"minLength\":1,\"configurable\":false,\"required\":true,\"searchable\":false},\"lastUsedAt\":{\"type\":\"datetime\",\"configurable\":false,\"required\":false},\"permissions\":{\"type\":\"relation\",\"target\":\"admin::api-token-permission\",\"relation\":\"oneToMany\",\"mappedBy\":\"token\",\"configurable\":false,\"required\":false},\"expiresAt\":{\"type\":\"datetime\",\"configurable\":false,\"required\":false},\"lifespan\":{\"type\":\"biginteger\",\"configurable\":false,\"required\":false}},\"kind\":\"collectionType\"},\"modelType\":\"contentType\",\"modelName\":\"api-token\",\"connection\":\"default\",\"uid\":\"admin::api-token\",\"plugin\":\"admin\",\"globalId\":\"AdminApiToken\"},\"admin::api-token-permission\":{\"collectionName\":\"strapi_api_token_permissions\",\"info\":{\"name\":\"API Token Permission\",\"description\":\"\",\"singularName\":\"api-token-permission\",\"pluralName\":\"api-token-permissions\",\"displayName\":\"API Token Permission\"},\"options\":{},\"pluginOptions\":{\"content-manager\":{\"visible\":false},\"content-type-builder\":{\"visible\":false}},\"attributes\":{\"action\":{\"type\":\"string\",\"minLength\":1,\"configurable\":false,\"required\":true},\"token\":{\"configurable\":false,\"type\":\"relation\",\"relation\":\"manyToOne\",\"inversedBy\":\"permissions\",\"target\":\"admin::api-token\"},\"createdAt\":{\"type\":\"datetime\"},\"updatedAt\":{\"type\":\"datetime\"},\"createdBy\":{\"type\":\"relation\",\"relation\":\"oneToOne\",\"target\":\"admin::user\",\"configurable\":false,\"writable\":false,\"visible\":false,\"useJoinTable\":false,\"private\":true},\"updatedBy\":{\"type\":\"relation\",\"relation\":\"oneToOne\",\"target\":\"admin::user\",\"configurable\":false,\"writable\":false,\"visible\":false,\"useJoinTable\":false,\"private\":true}},\"kind\":\"collectionType\",\"__schema__\":{\"collectionName\":\"strapi_api_token_permissions\",\"info\":{\"name\":\"API Token Permission\",\"description\":\"\",\"singularName\":\"api-token-permission\",\"pluralName\":\"api-token-permissions\",\"displayName\":\"API Token Permission\"},\"options\":{},\"pluginOptions\":{\"content-manager\":{\"visible\":false},\"content-type-builder\":{\"visible\":false}},\"attributes\":{\"action\":{\"type\":\"string\",\"minLength\":1,\"configurable\":false,\"required\":true},\"token\":{\"configurable\":false,\"type\":\"relation\",\"relation\":\"manyToOne\",\"inversedBy\":\"permissions\",\"target\":\"admin::api-token\"}},\"kind\":\"collectionType\"},\"modelType\":\"contentType\",\"modelName\":\"api-token-permission\",\"connection\":\"default\",\"uid\":\"admin::api-token-permission\",\"plugin\":\"admin\",\"globalId\":\"AdminApiTokenPermission\"},\"admin::transfer-token\":{\"collectionName\":\"strapi_transfer_tokens\",\"info\":{\"name\":\"Transfer Token\",\"singularName\":\"transfer-token\",\"pluralName\":\"transfer-tokens\",\"displayName\":\"Transfer Token\",\"description\":\"\"},\"options\":{},\"pluginOptions\":{\"content-manager\":{\"visible\":false},\"content-type-builder\":{\"visible\":false}},\"attributes\":{\"name\":{\"type\":\"string\",\"minLength\":1,\"configurable\":false,\"required\":true,\"unique\":true},\"description\":{\"type\":\"string\",\"minLength\":1,\"configurable\":false,\"required\":false,\"default\":\"\"},\"accessKey\":{\"type\":\"string\",\"minLength\":1,\"configurable\":false,\"required\":true},\"lastUsedAt\":{\"type\":\"datetime\",\"configurable\":false,\"required\":false},\"permissions\":{\"type\":\"relation\",\"target\":\"admin::transfer-token-permission\",\"relation\":\"oneToMany\",\"mappedBy\":\"token\",\"configurable\":false,\"required\":false},\"expiresAt\":{\"type\":\"datetime\",\"configurable\":false,\"required\":false},\"lifespan\":{\"type\":\"biginteger\",\"configurable\":false,\"required\":false},\"createdAt\":{\"type\":\"datetime\"},\"updatedAt\":{\"type\":\"datetime\"},\"createdBy\":{\"type\":\"relation\",\"relation\":\"oneToOne\",\"target\":\"admin::user\",\"configurable\":false,\"writable\":false,\"visible\":false,\"useJoinTable\":false,\"private\":true},\"updatedBy\":{\"type\":\"relation\",\"relation\":\"oneToOne\",\"target\":\"admin::user\",\"configurable\":false,\"writable\":false,\"visible\":false,\"useJoinTable\":false,\"private\":true}},\"kind\":\"collectionType\",\"__schema__\":{\"collectionName\":\"strapi_transfer_tokens\",\"info\":{\"name\":\"Transfer Token\",\"singularName\":\"transfer-token\",\"pluralName\":\"transfer-tokens\",\"displayName\":\"Transfer Token\",\"description\":\"\"},\"options\":{},\"pluginOptions\":{\"content-manager\":{\"visible\":false},\"content-type-builder\":{\"visible\":false}},\"attributes\":{\"name\":{\"type\":\"string\",\"minLength\":1,\"configurable\":false,\"required\":true,\"unique\":true},\"description\":{\"type\":\"string\",\"minLength\":1,\"configurable\":false,\"required\":false,\"default\":\"\"},\"accessKey\":{\"type\":\"string\",\"minLength\":1,\"configurable\":false,\"required\":true},\"lastUsedAt\":{\"type\":\"datetime\",\"configurable\":false,\"required\":false},\"permissions\":{\"type\":\"relation\",\"target\":\"admin::transfer-token-permission\",\"relation\":\"oneToMany\",\"mappedBy\":\"token\",\"configurable\":false,\"required\":false},\"expiresAt\":{\"type\":\"datetime\",\"configurable\":false,\"required\":false},\"lifespan\":{\"type\":\"biginteger\",\"configurable\":false,\"required\":false}},\"kind\":\"collectionType\"},\"modelType\":\"contentType\",\"modelName\":\"transfer-token\",\"connection\":\"default\",\"uid\":\"admin::transfer-token\",\"plugin\":\"admin\",\"globalId\":\"AdminTransferToken\"},\"admin::transfer-token-permission\":{\"collectionName\":\"strapi_transfer_token_permissions\",\"info\":{\"name\":\"Transfer Token Permission\",\"description\":\"\",\"singularName\":\"transfer-token-permission\",\"pluralName\":\"transfer-token-permissions\",\"displayName\":\"Transfer Token Permission\"},\"options\":{},\"pluginOptions\":{\"content-manager\":{\"visible\":false},\"content-type-builder\":{\"visible\":false}},\"attributes\":{\"action\":{\"type\":\"string\",\"minLength\":1,\"configurable\":false,\"required\":true},\"token\":{\"configurable\":false,\"type\":\"relation\",\"relation\":\"manyToOne\",\"inversedBy\":\"permissions\",\"target\":\"admin::transfer-token\"},\"createdAt\":{\"type\":\"datetime\"},\"updatedAt\":{\"type\":\"datetime\"},\"createdBy\":{\"type\":\"relation\",\"relation\":\"oneToOne\",\"target\":\"admin::user\",\"configurable\":false,\"writable\":false,\"visible\":false,\"useJoinTable\":false,\"private\":true},\"updatedBy\":{\"type\":\"relation\",\"relation\":\"oneToOne\",\"target\":\"admin::user\",\"configurable\":false,\"writable\":false,\"visible\":false,\"useJoinTable\":false,\"private\":true}},\"kind\":\"collectionType\",\"__schema__\":{\"collectionName\":\"strapi_transfer_token_permissions\",\"info\":{\"name\":\"Transfer Token Permission\",\"description\":\"\",\"singularName\":\"transfer-token-permission\",\"pluralName\":\"transfer-token-permissions\",\"displayName\":\"Transfer Token Permission\"},\"options\":{},\"pluginOptions\":{\"content-manager\":{\"visible\":false},\"content-type-builder\":{\"visible\":false}},\"attributes\":{\"action\":{\"type\":\"string\",\"minLength\":1,\"configurable\":false,\"required\":true},\"token\":{\"configurable\":false,\"type\":\"relation\",\"relation\":\"manyToOne\",\"inversedBy\":\"permissions\",\"target\":\"admin::transfer-token\"}},\"kind\":\"collectionType\"},\"modelType\":\"contentType\",\"modelName\":\"transfer-token-permission\",\"connection\":\"default\",\"uid\":\"admin::transfer-token-permission\",\"plugin\":\"admin\",\"globalId\":\"AdminTransferTokenPermission\"},\"plugin::upload.file\":{\"collectionName\":\"files\",\"info\":{\"singularName\":\"file\",\"pluralName\":\"files\",\"displayName\":\"File\",\"description\":\"\"},\"options\":{},\"pluginOptions\":{\"content-manager\":{\"visible\":false},\"content-type-builder\":{\"visible\":false}},\"attributes\":{\"name\":{\"type\":\"string\",\"configurable\":false,\"required\":true},\"alternativeText\":{\"type\":\"string\",\"configurable\":false},\"caption\":{\"type\":\"string\",\"configurable\":false},\"width\":{\"type\":\"integer\",\"configurable\":false},\"height\":{\"type\":\"integer\",\"configurable\":false},\"formats\":{\"type\":\"json\",\"configurable\":false},\"hash\":{\"type\":\"string\",\"configurable\":false,\"required\":true},\"ext\":{\"type\":\"string\",\"configurable\":false},\"mime\":{\"type\":\"string\",\"configurable\":false,\"required\":true},\"size\":{\"type\":\"decimal\",\"configurable\":false,\"required\":true},\"url\":{\"type\":\"string\",\"configurable\":false,\"required\":true},\"previewUrl\":{\"type\":\"string\",\"configurable\":false},\"provider\":{\"type\":\"string\",\"configurable\":false,\"required\":true},\"provider_metadata\":{\"type\":\"json\",\"configurable\":false},\"related\":{\"type\":\"relation\",\"relation\":\"morphToMany\",\"configurable\":false},\"folder\":{\"type\":\"relation\",\"relation\":\"manyToOne\",\"target\":\"plugin::upload.folder\",\"inversedBy\":\"files\",\"private\":true},\"folderPath\":{\"type\":\"string\",\"min\":1,\"required\":true,\"private\":true,\"searchable\":false},\"createdAt\":{\"type\":\"datetime\"},\"updatedAt\":{\"type\":\"datetime\"},\"createdBy\":{\"type\":\"relation\",\"relation\":\"oneToOne\",\"target\":\"admin::user\",\"configurable\":false,\"writable\":false,\"visible\":false,\"useJoinTable\":false,\"private\":true},\"updatedBy\":{\"type\":\"relation\",\"relation\":\"oneToOne\",\"target\":\"admin::user\",\"configurable\":false,\"writable\":false,\"visible\":false,\"useJoinTable\":false,\"private\":true}},\"indexes\":[{\"name\":\"upload_files_folder_path_index\",\"columns\":[\"folder_path\"],\"type\":null},{\"name\":\"upload_files_created_at_index\",\"columns\":[\"created_at\"],\"type\":null},{\"name\":\"upload_files_updated_at_index\",\"columns\":[\"updated_at\"],\"type\":null},{\"name\":\"upload_files_name_index\",\"columns\":[\"name\"],\"type\":null},{\"name\":\"upload_files_size_index\",\"columns\":[\"size\"],\"type\":null},{\"name\":\"upload_files_ext_index\",\"columns\":[\"ext\"],\"type\":null}],\"kind\":\"collectionType\",\"__schema__\":{\"collectionName\":\"files\",\"info\":{\"singularName\":\"file\",\"pluralName\":\"files\",\"displayName\":\"File\",\"description\":\"\"},\"options\":{},\"pluginOptions\":{\"content-manager\":{\"visible\":false},\"content-type-builder\":{\"visible\":false}},\"attributes\":{\"name\":{\"type\":\"string\",\"configurable\":false,\"required\":true},\"alternativeText\":{\"type\":\"string\",\"configurable\":false},\"caption\":{\"type\":\"string\",\"configurable\":false},\"width\":{\"type\":\"integer\",\"configurable\":false},\"height\":{\"type\":\"integer\",\"configurable\":false},\"formats\":{\"type\":\"json\",\"configurable\":false},\"hash\":{\"type\":\"string\",\"configurable\":false,\"required\":true},\"ext\":{\"type\":\"string\",\"configurable\":false},\"mime\":{\"type\":\"string\",\"configurable\":false,\"required\":true},\"size\":{\"type\":\"decimal\",\"configurable\":false,\"required\":true},\"url\":{\"type\":\"string\",\"configurable\":false,\"required\":true},\"previewUrl\":{\"type\":\"string\",\"configurable\":false},\"provider\":{\"type\":\"string\",\"configurable\":false,\"required\":true},\"provider_metadata\":{\"type\":\"json\",\"configurable\":false},\"related\":{\"type\":\"relation\",\"relation\":\"morphToMany\",\"configurable\":false},\"folder\":{\"type\":\"relation\",\"relation\":\"manyToOne\",\"target\":\"plugin::upload.folder\",\"inversedBy\":\"files\",\"private\":true},\"folderPath\":{\"type\":\"string\",\"min\":1,\"required\":true,\"private\":true,\"searchable\":false}},\"kind\":\"collectionType\"},\"modelType\":\"contentType\",\"modelName\":\"file\",\"connection\":\"default\",\"uid\":\"plugin::upload.file\",\"plugin\":\"upload\",\"globalId\":\"UploadFile\"},\"plugin::upload.folder\":{\"collectionName\":\"upload_folders\",\"info\":{\"singularName\":\"folder\",\"pluralName\":\"folders\",\"displayName\":\"Folder\"},\"options\":{},\"pluginOptions\":{\"content-manager\":{\"visible\":false},\"content-type-builder\":{\"visible\":false}},\"attributes\":{\"name\":{\"type\":\"string\",\"min\":1,\"required\":true},\"pathId\":{\"type\":\"integer\",\"unique\":true,\"required\":true},\"parent\":{\"type\":\"relation\",\"relation\":\"manyToOne\",\"target\":\"plugin::upload.folder\",\"inversedBy\":\"children\"},\"children\":{\"type\":\"relation\",\"relation\":\"oneToMany\",\"target\":\"plugin::upload.folder\",\"mappedBy\":\"parent\"},\"files\":{\"type\":\"relation\",\"relation\":\"oneToMany\",\"target\":\"plugin::upload.file\",\"mappedBy\":\"folder\"},\"path\":{\"type\":\"string\",\"min\":1,\"required\":true},\"createdAt\":{\"type\":\"datetime\"},\"updatedAt\":{\"type\":\"datetime\"},\"createdBy\":{\"type\":\"relation\",\"relation\":\"oneToOne\",\"target\":\"admin::user\",\"configurable\":false,\"writable\":false,\"visible\":false,\"useJoinTable\":false,\"private\":true},\"updatedBy\":{\"type\":\"relation\",\"relation\":\"oneToOne\",\"target\":\"admin::user\",\"configurable\":false,\"writable\":false,\"visible\":false,\"useJoinTable\":false,\"private\":true}},\"indexes\":[{\"name\":\"upload_folders_path_id_index\",\"columns\":[\"path_id\"],\"type\":\"unique\"},{\"name\":\"upload_folders_path_index\",\"columns\":[\"path\"],\"type\":\"unique\"}],\"kind\":\"collectionType\",\"__schema__\":{\"collectionName\":\"upload_folders\",\"info\":{\"singularName\":\"folder\",\"pluralName\":\"folders\",\"displayName\":\"Folder\"},\"options\":{},\"pluginOptions\":{\"content-manager\":{\"visible\":false},\"content-type-builder\":{\"visible\":false}},\"attributes\":{\"name\":{\"type\":\"string\",\"min\":1,\"required\":true},\"pathId\":{\"type\":\"integer\",\"unique\":true,\"required\":true},\"parent\":{\"type\":\"relation\",\"relation\":\"manyToOne\",\"target\":\"plugin::upload.folder\",\"inversedBy\":\"children\"},\"children\":{\"type\":\"relation\",\"relation\":\"oneToMany\",\"target\":\"plugin::upload.folder\",\"mappedBy\":\"parent\"},\"files\":{\"type\":\"relation\",\"relation\":\"oneToMany\",\"target\":\"plugin::upload.file\",\"mappedBy\":\"folder\"},\"path\":{\"type\":\"string\",\"min\":1,\"required\":true}},\"kind\":\"collectionType\"},\"modelType\":\"contentType\",\"modelName\":\"folder\",\"connection\":\"default\",\"uid\":\"plugin::upload.folder\",\"plugin\":\"upload\",\"globalId\":\"UploadFolder\"},\"plugin::content-releases.release\":{\"collectionName\":\"strapi_releases\",\"info\":{\"singularName\":\"release\",\"pluralName\":\"releases\",\"displayName\":\"Release\"},\"options\":{\"draftAndPublish\":false},\"pluginOptions\":{\"content-manager\":{\"visible\":false},\"content-type-builder\":{\"visible\":false}},\"attributes\":{\"name\":{\"type\":\"string\",\"required\":true},\"releasedAt\":{\"type\":\"datetime\"},\"scheduledAt\":{\"type\":\"datetime\"},\"timezone\":{\"type\":\"string\"},\"status\":{\"type\":\"enumeration\",\"enum\":[\"ready\",\"blocked\",\"failed\",\"done\",\"empty\"],\"required\":true},\"actions\":{\"type\":\"relation\",\"relation\":\"oneToMany\",\"target\":\"plugin::content-releases.release-action\",\"mappedBy\":\"release\"},\"createdAt\":{\"type\":\"datetime\"},\"updatedAt\":{\"type\":\"datetime\"},\"createdBy\":{\"type\":\"relation\",\"relation\":\"oneToOne\",\"target\":\"admin::user\",\"configurable\":false,\"writable\":false,\"visible\":false,\"useJoinTable\":false,\"private\":true},\"updatedBy\":{\"type\":\"relation\",\"relation\":\"oneToOne\",\"target\":\"admin::user\",\"configurable\":false,\"writable\":false,\"visible\":false,\"useJoinTable\":false,\"private\":true}},\"kind\":\"collectionType\",\"__schema__\":{\"collectionName\":\"strapi_releases\",\"info\":{\"singularName\":\"release\",\"pluralName\":\"releases\",\"displayName\":\"Release\"},\"options\":{\"draftAndPublish\":false},\"pluginOptions\":{\"content-manager\":{\"visible\":false},\"content-type-builder\":{\"visible\":false}},\"attributes\":{\"name\":{\"type\":\"string\",\"required\":true},\"releasedAt\":{\"type\":\"datetime\"},\"scheduledAt\":{\"type\":\"datetime\"},\"timezone\":{\"type\":\"string\"},\"status\":{\"type\":\"enumeration\",\"enum\":[\"ready\",\"blocked\",\"failed\",\"done\",\"empty\"],\"required\":true},\"actions\":{\"type\":\"relation\",\"relation\":\"oneToMany\",\"target\":\"plugin::content-releases.release-action\",\"mappedBy\":\"release\"}},\"kind\":\"collectionType\"},\"modelType\":\"contentType\",\"modelName\":\"release\",\"connection\":\"default\",\"uid\":\"plugin::content-releases.release\",\"plugin\":\"content-releases\",\"globalId\":\"ContentReleasesRelease\"},\"plugin::content-releases.release-action\":{\"collectionName\":\"strapi_release_actions\",\"info\":{\"singularName\":\"release-action\",\"pluralName\":\"release-actions\",\"displayName\":\"Release Action\"},\"options\":{\"draftAndPublish\":false},\"pluginOptions\":{\"content-manager\":{\"visible\":false},\"content-type-builder\":{\"visible\":false}},\"attributes\":{\"type\":{\"type\":\"enumeration\",\"enum\":[\"publish\",\"unpublish\"],\"required\":true},\"entry\":{\"type\":\"relation\",\"relation\":\"morphToOne\",\"configurable\":false},\"contentType\":{\"type\":\"string\",\"required\":true},\"locale\":{\"type\":\"string\"},\"release\":{\"type\":\"relation\",\"relation\":\"manyToOne\",\"target\":\"plugin::content-releases.release\",\"inversedBy\":\"actions\"},\"isEntryValid\":{\"type\":\"boolean\"},\"createdAt\":{\"type\":\"datetime\"},\"updatedAt\":{\"type\":\"datetime\"},\"createdBy\":{\"type\":\"relation\",\"relation\":\"oneToOne\",\"target\":\"admin::user\",\"configurable\":false,\"writable\":false,\"visible\":false,\"useJoinTable\":false,\"private\":true},\"updatedBy\":{\"type\":\"relation\",\"relation\":\"oneToOne\",\"target\":\"admin::user\",\"configurable\":false,\"writable\":false,\"visible\":false,\"useJoinTable\":false,\"private\":true}},\"kind\":\"collectionType\",\"__schema__\":{\"collectionName\":\"strapi_release_actions\",\"info\":{\"singularName\":\"release-action\",\"pluralName\":\"release-actions\",\"displayName\":\"Release Action\"},\"options\":{\"draftAndPublish\":false},\"pluginOptions\":{\"content-manager\":{\"visible\":false},\"content-type-builder\":{\"visible\":false}},\"attributes\":{\"type\":{\"type\":\"enumeration\",\"enum\":[\"publish\",\"unpublish\"],\"required\":true},\"entry\":{\"type\":\"relation\",\"relation\":\"morphToOne\",\"configurable\":false},\"contentType\":{\"type\":\"string\",\"required\":true},\"locale\":{\"type\":\"string\"},\"release\":{\"type\":\"relation\",\"relation\":\"manyToOne\",\"target\":\"plugin::content-releases.release\",\"inversedBy\":\"actions\"},\"isEntryValid\":{\"type\":\"boolean\"}},\"kind\":\"collectionType\"},\"modelType\":\"contentType\",\"modelName\":\"release-action\",\"connection\":\"default\",\"uid\":\"plugin::content-releases.release-action\",\"plugin\":\"content-releases\",\"globalId\":\"ContentReleasesReleaseAction\"},\"plugin::users-permissions.permission\":{\"collectionName\":\"up_permissions\",\"info\":{\"name\":\"permission\",\"description\":\"\",\"singularName\":\"permission\",\"pluralName\":\"permissions\",\"displayName\":\"Permission\"},\"pluginOptions\":{\"content-manager\":{\"visible\":false},\"content-type-builder\":{\"visible\":false}},\"attributes\":{\"action\":{\"type\":\"string\",\"required\":true,\"configurable\":false},\"role\":{\"type\":\"relation\",\"relation\":\"manyToOne\",\"target\":\"plugin::users-permissions.role\",\"inversedBy\":\"permissions\",\"configurable\":false},\"createdAt\":{\"type\":\"datetime\"},\"updatedAt\":{\"type\":\"datetime\"},\"createdBy\":{\"type\":\"relation\",\"relation\":\"oneToOne\",\"target\":\"admin::user\",\"configurable\":false,\"writable\":false,\"visible\":false,\"useJoinTable\":false,\"private\":true},\"updatedBy\":{\"type\":\"relation\",\"relation\":\"oneToOne\",\"target\":\"admin::user\",\"configurable\":false,\"writable\":false,\"visible\":false,\"useJoinTable\":false,\"private\":true}},\"kind\":\"collectionType\",\"__schema__\":{\"collectionName\":\"up_permissions\",\"info\":{\"name\":\"permission\",\"description\":\"\",\"singularName\":\"permission\",\"pluralName\":\"permissions\",\"displayName\":\"Permission\"},\"pluginOptions\":{\"content-manager\":{\"visible\":false},\"content-type-builder\":{\"visible\":false}},\"attributes\":{\"action\":{\"type\":\"string\",\"required\":true,\"configurable\":false},\"role\":{\"type\":\"relation\",\"relation\":\"manyToOne\",\"target\":\"plugin::users-permissions.role\",\"inversedBy\":\"permissions\",\"configurable\":false}},\"kind\":\"collectionType\"},\"modelType\":\"contentType\",\"modelName\":\"permission\",\"connection\":\"default\",\"uid\":\"plugin::users-permissions.permission\",\"plugin\":\"users-permissions\",\"globalId\":\"UsersPermissionsPermission\"},\"plugin::users-permissions.role\":{\"collectionName\":\"up_roles\",\"info\":{\"name\":\"role\",\"description\":\"\",\"singularName\":\"role\",\"pluralName\":\"roles\",\"displayName\":\"Role\"},\"pluginOptions\":{\"content-manager\":{\"visible\":false},\"content-type-builder\":{\"visible\":false}},\"attributes\":{\"name\":{\"type\":\"string\",\"minLength\":3,\"required\":true,\"configurable\":false},\"description\":{\"type\":\"string\",\"configurable\":false},\"type\":{\"type\":\"string\",\"unique\":true,\"configurable\":false},\"permissions\":{\"type\":\"relation\",\"relation\":\"oneToMany\",\"target\":\"plugin::users-permissions.permission\",\"mappedBy\":\"role\",\"configurable\":false},\"users\":{\"type\":\"relation\",\"relation\":\"oneToMany\",\"target\":\"plugin::users-permissions.user\",\"mappedBy\":\"role\",\"configurable\":false},\"createdAt\":{\"type\":\"datetime\"},\"updatedAt\":{\"type\":\"datetime\"},\"createdBy\":{\"type\":\"relation\",\"relation\":\"oneToOne\",\"target\":\"admin::user\",\"configurable\":false,\"writable\":false,\"visible\":false,\"useJoinTable\":false,\"private\":true},\"updatedBy\":{\"type\":\"relation\",\"relation\":\"oneToOne\",\"target\":\"admin::user\",\"configurable\":false,\"writable\":false,\"visible\":false,\"useJoinTable\":false,\"private\":true}},\"kind\":\"collectionType\",\"__schema__\":{\"collectionName\":\"up_roles\",\"info\":{\"name\":\"role\",\"description\":\"\",\"singularName\":\"role\",\"pluralName\":\"roles\",\"displayName\":\"Role\"},\"pluginOptions\":{\"content-manager\":{\"visible\":false},\"content-type-builder\":{\"visible\":false}},\"attributes\":{\"name\":{\"type\":\"string\",\"minLength\":3,\"required\":true,\"configurable\":false},\"description\":{\"type\":\"string\",\"configurable\":false},\"type\":{\"type\":\"string\",\"unique\":true,\"configurable\":false},\"permissions\":{\"type\":\"relation\",\"relation\":\"oneToMany\",\"target\":\"plugin::users-permissions.permission\",\"mappedBy\":\"role\",\"configurable\":false},\"users\":{\"type\":\"relation\",\"relation\":\"oneToMany\",\"target\":\"plugin::users-permissions.user\",\"mappedBy\":\"role\",\"configurable\":false}},\"kind\":\"collectionType\"},\"modelType\":\"contentType\",\"modelName\":\"role\",\"connection\":\"default\",\"uid\":\"plugin::users-permissions.role\",\"plugin\":\"users-permissions\",\"globalId\":\"UsersPermissionsRole\"},\"plugin::users-permissions.user\":{\"collectionName\":\"users\",\"info\":{\"singularName\":\"user\",\"pluralName\":\"users\",\"displayName\":\"User\",\"description\":\"\"},\"options\":{\"draftAndPublish\":false},\"attributes\":{\"username\":{\"type\":\"string\",\"minLength\":3},\"email\":{\"type\":\"email\",\"minLength\":6},\"provider\":{\"type\":\"string\"},\"password\":{\"type\":\"password\"},\"resetPasswordToken\":{\"type\":\"string\"},\"confirmationToken\":{\"type\":\"string\"},\"confirmed\":{\"type\":\"boolean\",\"default\":false},\"blocked\":{\"type\":\"boolean\",\"default\":false},\"role\":{\"type\":\"relation\",\"relation\":\"manyToOne\",\"target\":\"plugin::users-permissions.role\",\"inversedBy\":\"users\"},\"brewery\":{\"type\":\"relation\",\"relation\":\"manyToOne\",\"target\":\"api::brewery.brewery\",\"inversedBy\":\"users\"},\"createdAt\":{\"type\":\"datetime\"},\"updatedAt\":{\"type\":\"datetime\"},\"createdBy\":{\"type\":\"relation\",\"relation\":\"oneToOne\",\"target\":\"admin::user\",\"configurable\":false,\"writable\":false,\"visible\":false,\"useJoinTable\":false,\"private\":true},\"updatedBy\":{\"type\":\"relation\",\"relation\":\"oneToOne\",\"target\":\"admin::user\",\"configurable\":false,\"writable\":false,\"visible\":false,\"useJoinTable\":false,\"private\":true}},\"config\":{\"attributes\":{\"resetPasswordToken\":{\"hidden\":true},\"confirmationToken\":{\"hidden\":true},\"provider\":{\"hidden\":true}}},\"pluginOptions\":{},\"__filename__\":\"schema.json\",\"kind\":\"collectionType\",\"__schema__\":{\"collectionName\":\"users\",\"info\":{\"singularName\":\"user\",\"pluralName\":\"users\",\"displayName\":\"User\",\"description\":\"\"},\"options\":{\"draftAndPublish\":false},\"pluginOptions\":{},\"attributes\":{\"username\":{\"type\":\"string\",\"minLength\":3},\"email\":{\"type\":\"email\",\"minLength\":6},\"provider\":{\"type\":\"string\"},\"password\":{\"type\":\"password\"},\"resetPasswordToken\":{\"type\":\"string\"},\"confirmationToken\":{\"type\":\"string\"},\"confirmed\":{\"type\":\"boolean\",\"default\":false},\"blocked\":{\"type\":\"boolean\",\"default\":false},\"role\":{\"type\":\"relation\",\"relation\":\"manyToOne\",\"target\":\"plugin::users-permissions.role\",\"inversedBy\":\"users\"},\"brewery\":{\"type\":\"relation\",\"relation\":\"manyToOne\",\"target\":\"api::brewery.brewery\",\"inversedBy\":\"users\"}},\"kind\":\"collectionType\"},\"modelType\":\"contentType\",\"modelName\":\"user\",\"connection\":\"default\",\"uid\":\"plugin::users-permissions.user\",\"plugin\":\"users-permissions\",\"globalId\":\"UsersPermissionsUser\"},\"plugin::i18n.locale\":{\"info\":{\"singularName\":\"locale\",\"pluralName\":\"locales\",\"collectionName\":\"locales\",\"displayName\":\"Locale\",\"description\":\"\"},\"options\":{\"draftAndPublish\":false},\"pluginOptions\":{\"content-manager\":{\"visible\":false},\"content-type-builder\":{\"visible\":false}},\"attributes\":{\"name\":{\"type\":\"string\",\"min\":1,\"max\":50,\"configurable\":false},\"code\":{\"type\":\"string\",\"unique\":true,\"configurable\":false},\"createdAt\":{\"type\":\"datetime\"},\"updatedAt\":{\"type\":\"datetime\"},\"createdBy\":{\"type\":\"relation\",\"relation\":\"oneToOne\",\"target\":\"admin::user\",\"configurable\":false,\"writable\":false,\"visible\":false,\"useJoinTable\":false,\"private\":true},\"updatedBy\":{\"type\":\"relation\",\"relation\":\"oneToOne\",\"target\":\"admin::user\",\"configurable\":false,\"writable\":false,\"visible\":false,\"useJoinTable\":false,\"private\":true}},\"kind\":\"collectionType\",\"__schema__\":{\"info\":{\"singularName\":\"locale\",\"pluralName\":\"locales\",\"collectionName\":\"locales\",\"displayName\":\"Locale\",\"description\":\"\"},\"options\":{\"draftAndPublish\":false},\"pluginOptions\":{\"content-manager\":{\"visible\":false},\"content-type-builder\":{\"visible\":false}},\"attributes\":{\"name\":{\"type\":\"string\",\"min\":1,\"max\":50,\"configurable\":false},\"code\":{\"type\":\"string\",\"unique\":true,\"configurable\":false}},\"kind\":\"collectionType\"},\"modelType\":\"contentType\",\"modelName\":\"locale\",\"connection\":\"default\",\"uid\":\"plugin::i18n.locale\",\"plugin\":\"i18n\",\"collectionName\":\"i18n_locale\",\"globalId\":\"I18NLocale\"},\"api::brewery.brewery\":{\"kind\":\"collectionType\",\"collectionName\":\"breweries\",\"info\":{\"singularName\":\"brewery\",\"pluralName\":\"breweries\",\"displayName\":\"Brewery\"},\"options\":{\"draftAndPublish\":true},\"pluginOptions\":{},\"attributes\":{\"name\":{\"type\":\"string\"},\"slug\":{\"type\":\"uid\",\"targetField\":\"name\"},\"address\":{\"type\":\"text\"},\"phone\":{\"type\":\"string\"},\"is_active\":{\"type\":\"boolean\"},\"users\":{\"type\":\"relation\",\"relation\":\"oneToMany\",\"target\":\"plugin::users-permissions.user\",\"mappedBy\":\"brewery\"},\"products\":{\"type\":\"relation\",\"relation\":\"oneToMany\",\"target\":\"api::product.product\",\"mappedBy\":\"brewery\"},\"connected_kegs\":{\"type\":\"relation\",\"relation\":\"oneToMany\",\"target\":\"api::product.product\",\"mappedBy\":\"brewery\"},\"stock_movements\":{\"type\":\"relation\",\"relation\":\"oneToMany\",\"target\":\"api::stock-movement.stock-movement\",\"mappedBy\":\"brewery\"},\"tap_count\":{\"type\":\"integer\",\"default\":0},\"orders\":{\"type\":\"relation\",\"relation\":\"oneToMany\",\"target\":\"api::order.order\",\"mappedBy\":\"brewery\"},\"createdAt\":{\"type\":\"datetime\"},\"updatedAt\":{\"type\":\"datetime\"},\"publishedAt\":{\"type\":\"datetime\",\"configurable\":false,\"writable\":true,\"visible\":false},\"createdBy\":{\"type\":\"relation\",\"relation\":\"oneToOne\",\"target\":\"admin::user\",\"configurable\":false,\"writable\":false,\"visible\":false,\"useJoinTable\":false,\"private\":true},\"updatedBy\":{\"type\":\"relation\",\"relation\":\"oneToOne\",\"target\":\"admin::user\",\"configurable\":false,\"writable\":false,\"visible\":false,\"useJoinTable\":false,\"private\":true}},\"__schema__\":{\"collectionName\":\"breweries\",\"info\":{\"singularName\":\"brewery\",\"pluralName\":\"breweries\",\"displayName\":\"Brewery\"},\"options\":{\"draftAndPublish\":true},\"pluginOptions\":{},\"attributes\":{\"name\":{\"type\":\"string\"},\"slug\":{\"type\":\"uid\",\"targetField\":\"name\"},\"address\":{\"type\":\"text\"},\"phone\":{\"type\":\"string\"},\"is_active\":{\"type\":\"boolean\"},\"users\":{\"type\":\"relation\",\"relation\":\"oneToMany\",\"target\":\"plugin::users-permissions.user\",\"mappedBy\":\"brewery\"},\"products\":{\"type\":\"relation\",\"relation\":\"oneToMany\",\"target\":\"api::product.product\",\"mappedBy\":\"brewery\"},\"connected_kegs\":{\"type\":\"relation\",\"relation\":\"oneToMany\",\"target\":\"api::product.product\",\"mappedBy\":\"brewery\"},\"stock_movements\":{\"type\":\"relation\",\"relation\":\"oneToMany\",\"target\":\"api::stock-movement.stock-movement\",\"mappedBy\":\"brewery\"},\"tap_count\":{\"type\":\"integer\",\"default\":0},\"orders\":{\"type\":\"relation\",\"relation\":\"oneToMany\",\"target\":\"api::order.order\",\"mappedBy\":\"brewery\"}},\"kind\":\"collectionType\"},\"modelType\":\"contentType\",\"modelName\":\"brewery\",\"connection\":\"default\",\"uid\":\"api::brewery.brewery\",\"apiName\":\"brewery\",\"globalId\":\"Brewery\",\"actions\":{},\"lifecycles\":{}},\"api::connected-keg.connected-keg\":{\"kind\":\"collectionType\",\"collectionName\":\"connected_kegs\",\"info\":{\"singularName\":\"connected-keg\",\"pluralName\":\"connected-kegs\",\"displayName\":\"ConnectedKeg\"},\"options\":{\"draftAndPublish\":false},\"pluginOptions\":{},\"attributes\":{\"product\":{\"type\":\"relation\",\"relation\":\"manyToOne\",\"target\":\"api::product.product\",\"inversedBy\":\"connected_kegs\"},\"quantity_total\":{\"type\":\"decimal\"},\"quantity_remaining\":{\"type\":\"decimal\"},\"date_attached\":{\"type\":\"datetime\"},\"formats\":{\"type\":\"json\"},\"is_active\":{\"type\":\"boolean\"},\"brewery\":{\"type\":\"relation\",\"relation\":\"manyToOne\",\"target\":\"api::brewery.brewery\",\"inversedBy\":\"connected_kegs\"},\"tap_number\":{\"type\":\"integer\",\"required\":false},\"order_items\":{\"type\":\"relation\",\"relation\":\"oneToMany\",\"target\":\"api::order-item.order-item\",\"mappedBy\":\"connected_keg\"},\"createdAt\":{\"type\":\"datetime\"},\"updatedAt\":{\"type\":\"datetime\"},\"createdBy\":{\"type\":\"relation\",\"relation\":\"oneToOne\",\"target\":\"admin::user\",\"configurable\":false,\"writable\":false,\"visible\":false,\"useJoinTable\":false,\"private\":true},\"updatedBy\":{\"type\":\"relation\",\"relation\":\"oneToOne\",\"target\":\"admin::user\",\"configurable\":false,\"writable\":false,\"visible\":false,\"useJoinTable\":false,\"private\":true}},\"__schema__\":{\"collectionName\":\"connected_kegs\",\"info\":{\"singularName\":\"connected-keg\",\"pluralName\":\"connected-kegs\",\"displayName\":\"ConnectedKeg\"},\"options\":{\"draftAndPublish\":false},\"pluginOptions\":{},\"attributes\":{\"product\":{\"type\":\"relation\",\"relation\":\"manyToOne\",\"target\":\"api::product.product\",\"inversedBy\":\"connected_kegs\"},\"quantity_total\":{\"type\":\"decimal\"},\"quantity_remaining\":{\"type\":\"decimal\"},\"date_attached\":{\"type\":\"datetime\"},\"formats\":{\"type\":\"json\"},\"is_active\":{\"type\":\"boolean\"},\"brewery\":{\"type\":\"relation\",\"relation\":\"manyToOne\",\"target\":\"api::brewery.brewery\",\"inversedBy\":\"connected_kegs\"},\"tap_number\":{\"type\":\"integer\",\"required\":false},\"order_items\":{\"type\":\"relation\",\"relation\":\"oneToMany\",\"target\":\"api::order-item.order-item\",\"mappedBy\":\"connected_keg\"}},\"kind\":\"collectionType\"},\"modelType\":\"contentType\",\"modelName\":\"connected-keg\",\"connection\":\"default\",\"uid\":\"api::connected-keg.connected-keg\",\"apiName\":\"connected-keg\",\"globalId\":\"ConnectedKeg\",\"actions\":{},\"lifecycles\":{}},\"api::order.order\":{\"kind\":\"collectionType\",\"collectionName\":\"orders\",\"info\":{\"singularName\":\"order\",\"pluralName\":\"orders\",\"displayName\":\"order\",\"description\":\"\"},\"options\":{\"draftAndPublish\":false},\"pluginOptions\":{},\"attributes\":{\"status\":{\"type\":\"enumeration\",\"enum\":[\"aperta\",\"chiusa\",\"annullata\"],\"required\":true},\"timestamp_apertura\":{\"type\":\"datetime\",\"required\":true},\"timestamp_chiusura\":{\"type\":\"datetime\"},\"total\":{\"type\":\"decimal\"},\"brewery\":{\"type\":\"relation\",\"relation\":\"manyToOne\",\"target\":\"api::brewery.brewery\",\"inversedBy\":\"orders\"},\"order_items\":{\"type\":\"relation\",\"relation\":\"oneToMany\",\"target\":\"api::order-item.order-item\",\"mappedBy\":\"order\"},\"customer_name\":{\"type\":\"string\"},\"payments\":{\"type\":\"relation\",\"relation\":\"oneToMany\",\"target\":\"api::payment.payment\",\"mappedBy\":\"order\"},\"createdAt\":{\"type\":\"datetime\"},\"updatedAt\":{\"type\":\"datetime\"},\"createdBy\":{\"type\":\"relation\",\"relation\":\"oneToOne\",\"target\":\"admin::user\",\"configurable\":false,\"writable\":false,\"visible\":false,\"useJoinTable\":false,\"private\":true},\"updatedBy\":{\"type\":\"relation\",\"relation\":\"oneToOne\",\"target\":\"admin::user\",\"configurable\":false,\"writable\":false,\"visible\":false,\"useJoinTable\":false,\"private\":true}},\"__schema__\":{\"collectionName\":\"orders\",\"info\":{\"singularName\":\"order\",\"pluralName\":\"orders\",\"displayName\":\"order\",\"description\":\"\"},\"options\":{\"draftAndPublish\":false},\"pluginOptions\":{},\"attributes\":{\"status\":{\"type\":\"enumeration\",\"enum\":[\"aperta\",\"chiusa\",\"annullata\"],\"required\":true},\"timestamp_apertura\":{\"type\":\"datetime\",\"required\":true},\"timestamp_chiusura\":{\"type\":\"datetime\"},\"total\":{\"type\":\"decimal\"},\"brewery\":{\"type\":\"relation\",\"relation\":\"manyToOne\",\"target\":\"api::brewery.brewery\",\"inversedBy\":\"orders\"},\"order_items\":{\"type\":\"relation\",\"relation\":\"oneToMany\",\"target\":\"api::order-item.order-item\",\"mappedBy\":\"order\"},\"customer_name\":{\"type\":\"string\"},\"payments\":{\"type\":\"relation\",\"relation\":\"oneToMany\",\"target\":\"api::payment.payment\",\"mappedBy\":\"order\"}},\"kind\":\"collectionType\"},\"modelType\":\"contentType\",\"modelName\":\"order\",\"connection\":\"default\",\"uid\":\"api::order.order\",\"apiName\":\"order\",\"globalId\":\"Order\",\"actions\":{},\"lifecycles\":{}},\"api::order-item.order-item\":{\"kind\":\"collectionType\",\"collectionName\":\"order_items\",\"info\":{\"singularName\":\"order-item\",\"pluralName\":\"order-items\",\"displayName\":\"order-item\",\"description\":\"\"},\"options\":{\"draftAndPublish\":false},\"pluginOptions\":{},\"attributes\":{\"order\":{\"type\":\"relation\",\"relation\":\"manyToOne\",\"target\":\"api::order.order\",\"inversedBy\":\"order_items\"},\"product\":{\"type\":\"relation\",\"relation\":\"manyToOne\",\"target\":\"api::product.product\",\"inversedBy\":\"order_items\"},\"connected_keg\":{\"type\":\"relation\",\"relation\":\"manyToOne\",\"target\":\"api::connected-keg.connected-keg\",\"inversedBy\":\"order_items\"},\"quantity\":{\"type\":\"decimal\",\"required\":true},\"unit_price\":{\"type\":\"decimal\",\"required\":true},\"total_price\":{\"type\":\"decimal\"},\"size\":{\"type\":\"decimal\"},\"createdAt\":{\"type\":\"datetime\"},\"updatedAt\":{\"type\":\"datetime\"},\"createdBy\":{\"type\":\"relation\",\"relation\":\"oneToOne\",\"target\":\"admin::user\",\"configurable\":false,\"writable\":false,\"visible\":false,\"useJoinTable\":false,\"private\":true},\"updatedBy\":{\"type\":\"relation\",\"relation\":\"oneToOne\",\"target\":\"admin::user\",\"configurable\":false,\"writable\":false,\"visible\":false,\"useJoinTable\":false,\"private\":true}},\"__schema__\":{\"collectionName\":\"order_items\",\"info\":{\"singularName\":\"order-item\",\"pluralName\":\"order-items\",\"displayName\":\"order-item\",\"description\":\"\"},\"options\":{\"draftAndPublish\":false},\"pluginOptions\":{},\"attributes\":{\"order\":{\"type\":\"relation\",\"relation\":\"manyToOne\",\"target\":\"api::order.order\",\"inversedBy\":\"order_items\"},\"product\":{\"type\":\"relation\",\"relation\":\"manyToOne\",\"target\":\"api::product.product\",\"inversedBy\":\"order_items\"},\"connected_keg\":{\"type\":\"relation\",\"relation\":\"manyToOne\",\"target\":\"api::connected-keg.connected-keg\",\"inversedBy\":\"order_items\"},\"quantity\":{\"type\":\"decimal\",\"required\":true},\"unit_price\":{\"type\":\"decimal\",\"required\":true},\"total_price\":{\"type\":\"decimal\"},\"size\":{\"type\":\"decimal\"}},\"kind\":\"collectionType\"},\"modelType\":\"contentType\",\"modelName\":\"order-item\",\"connection\":\"default\",\"uid\":\"api::order-item.order-item\",\"apiName\":\"order-item\",\"globalId\":\"OrderItem\",\"actions\":{},\"lifecycles\":{}},\"api::payment.payment\":{\"kind\":\"collectionType\",\"collectionName\":\"payments\",\"info\":{\"singularName\":\"payment\",\"pluralName\":\"payments\",\"displayName\":\"Payment\"},\"options\":{\"draftAndPublish\":false},\"attributes\":{\"order\":{\"type\":\"relation\",\"relation\":\"manyToOne\",\"target\":\"api::order.order\",\"inversedBy\":\"payments\",\"required\":true},\"method\":{\"type\":\"enumeration\",\"enum\":[\"CASH\",\"CARD\",\"VOUCHER\",\"MISC\"],\"default\":\"CASH\",\"required\":true},\"amount_cents\":{\"type\":\"integer\",\"required\":true,\"min\":0},\"status\":{\"type\":\"enumeration\",\"enum\":[\"PENDING\",\"AUTHORIZED\",\"SETTLED\",\"FAILED\",\"VOID\"],\"default\":\"SETTLED\",\"required\":true},\"meta\":{\"type\":\"json\"},\"allocations\":{\"type\":\"component\",\"repeatable\":true,\"component\":\"payment.allocation\"},\"createdAt\":{\"type\":\"datetime\"},\"updatedAt\":{\"type\":\"datetime\"},\"createdBy\":{\"type\":\"relation\",\"relation\":\"oneToOne\",\"target\":\"admin::user\",\"configurable\":false,\"writable\":false,\"visible\":false,\"useJoinTable\":false,\"private\":true},\"updatedBy\":{\"type\":\"relation\",\"relation\":\"oneToOne\",\"target\":\"admin::user\",\"configurable\":false,\"writable\":false,\"visible\":false,\"useJoinTable\":false,\"private\":true}},\"__schema__\":{\"collectionName\":\"payments\",\"info\":{\"singularName\":\"payment\",\"pluralName\":\"payments\",\"displayName\":\"Payment\"},\"options\":{\"draftAndPublish\":false},\"attributes\":{\"order\":{\"type\":\"relation\",\"relation\":\"manyToOne\",\"target\":\"api::order.order\",\"inversedBy\":\"payments\",\"required\":true},\"method\":{\"type\":\"enumeration\",\"enum\":[\"CASH\",\"CARD\",\"VOUCHER\",\"MISC\"],\"default\":\"CASH\",\"required\":true},\"amount_cents\":{\"type\":\"integer\",\"required\":true,\"min\":0},\"status\":{\"type\":\"enumeration\",\"enum\":[\"PENDING\",\"AUTHORIZED\",\"SETTLED\",\"FAILED\",\"VOID\"],\"default\":\"SETTLED\",\"required\":true},\"meta\":{\"type\":\"json\"},\"allocations\":{\"type\":\"component\",\"repeatable\":true,\"component\":\"payment.allocation\"}},\"kind\":\"collectionType\"},\"modelType\":\"contentType\",\"modelName\":\"payment\",\"connection\":\"default\",\"uid\":\"api::payment.payment\",\"apiName\":\"payment\",\"globalId\":\"Payment\",\"actions\":{},\"lifecycles\":{}},\"api::product.product\":{\"kind\":\"collectionType\",\"collectionName\":\"products\",\"info\":{\"singularName\":\"product\",\"pluralName\":\"products\",\"displayName\":\"Product\",\"description\":\"\"},\"options\":{\"draftAndPublish\":false},\"pluginOptions\":{},\"attributes\":{\"name\":{\"type\":\"string\",\"required\":true},\"type\":{\"type\":\"enumeration\",\"enum\":[\"Birra\",\"Food\",\"Vini\",\"Superalcolici\",\"Altro\"]},\"description\":{\"type\":\"richtext\"},\"abv\":{\"type\":\"decimal\"},\"formats\":{\"type\":\"json\"},\"brewery\":{\"type\":\"relation\",\"relation\":\"manyToOne\",\"target\":\"api::brewery.brewery\",\"inversedBy\":\"connected_kegs\"},\"stock_movements\":{\"type\":\"relation\",\"relation\":\"oneToMany\",\"target\":\"api::stock-movement.stock-movement\",\"mappedBy\":\"product\"},\"connected_kegs\":{\"type\":\"relation\",\"relation\":\"oneToMany\",\"target\":\"api::connected-keg.connected-keg\",\"mappedBy\":\"product\"},\"liters_per_unit\":{\"type\":\"decimal\"},\"order_items\":{\"type\":\"relation\",\"relation\":\"oneToMany\",\"target\":\"api::order-item.order-item\",\"mappedBy\":\"product\"},\"price\":{\"type\":\"decimal\"},\"createdAt\":{\"type\":\"datetime\"},\"updatedAt\":{\"type\":\"datetime\"},\"createdBy\":{\"type\":\"relation\",\"relation\":\"oneToOne\",\"target\":\"admin::user\",\"configurable\":false,\"writable\":false,\"visible\":false,\"useJoinTable\":false,\"private\":true},\"updatedBy\":{\"type\":\"relation\",\"relation\":\"oneToOne\",\"target\":\"admin::user\",\"configurable\":false,\"writable\":false,\"visible\":false,\"useJoinTable\":false,\"private\":true}},\"__schema__\":{\"collectionName\":\"products\",\"info\":{\"singularName\":\"product\",\"pluralName\":\"products\",\"displayName\":\"Product\",\"description\":\"\"},\"options\":{\"draftAndPublish\":false},\"pluginOptions\":{},\"attributes\":{\"name\":{\"type\":\"string\",\"required\":true},\"type\":{\"type\":\"enumeration\",\"enum\":[\"Birra\",\"Food\",\"Vini\",\"Superalcolici\",\"Altro\"]},\"description\":{\"type\":\"richtext\"},\"abv\":{\"type\":\"decimal\"},\"formats\":{\"type\":\"json\"},\"brewery\":{\"type\":\"relation\",\"relation\":\"manyToOne\",\"target\":\"api::brewery.brewery\",\"inversedBy\":\"connected_kegs\"},\"stock_movements\":{\"type\":\"relation\",\"relation\":\"oneToMany\",\"target\":\"api::stock-movement.stock-movement\",\"mappedBy\":\"product\"},\"connected_kegs\":{\"type\":\"relation\",\"relation\":\"oneToMany\",\"target\":\"api::connected-keg.connected-keg\",\"mappedBy\":\"product\"},\"liters_per_unit\":{\"type\":\"decimal\"},\"order_items\":{\"type\":\"relation\",\"relation\":\"oneToMany\",\"target\":\"api::order-item.order-item\",\"mappedBy\":\"product\"},\"price\":{\"type\":\"decimal\"}},\"kind\":\"collectionType\"},\"modelType\":\"contentType\",\"modelName\":\"product\",\"connection\":\"default\",\"uid\":\"api::product.product\",\"apiName\":\"product\",\"globalId\":\"Product\",\"actions\":{},\"lifecycles\":{}},\"api::stock-movement.stock-movement\":{\"kind\":\"collectionType\",\"collectionName\":\"stock_movements\",\"info\":{\"singularName\":\"stock-movement\",\"pluralName\":\"stock-movements\",\"displayName\":\"StockMovement\"},\"options\":{\"draftAndPublish\":false},\"pluginOptions\":{},\"attributes\":{\"type\":{\"type\":\"enumeration\",\"enum\":[\"carico\",\"scarico\"]},\"unit\":{\"type\":\"enumeration\",\"enum\":[\"pezzi\",\"litri\"]},\"quantity\":{\"type\":\"decimal\"},\"note\":{\"type\":\"text\"},\"product\":{\"type\":\"relation\",\"relation\":\"manyToOne\",\"target\":\"api::product.product\",\"inversedBy\":\"stock_movements\"},\"brewery\":{\"type\":\"relation\",\"relation\":\"manyToOne\",\"target\":\"api::brewery.brewery\",\"inversedBy\":\"stock_movements\"},\"createdAt\":{\"type\":\"datetime\"},\"updatedAt\":{\"type\":\"datetime\"},\"createdBy\":{\"type\":\"relation\",\"relation\":\"oneToOne\",\"target\":\"admin::user\",\"configurable\":false,\"writable\":false,\"visible\":false,\"useJoinTable\":false,\"private\":true},\"updatedBy\":{\"type\":\"relation\",\"relation\":\"oneToOne\",\"target\":\"admin::user\",\"configurable\":false,\"writable\":false,\"visible\":false,\"useJoinTable\":false,\"private\":true}},\"__schema__\":{\"collectionName\":\"stock_movements\",\"info\":{\"singularName\":\"stock-movement\",\"pluralName\":\"stock-movements\",\"displayName\":\"StockMovement\"},\"options\":{\"draftAndPublish\":false},\"pluginOptions\":{},\"attributes\":{\"type\":{\"type\":\"enumeration\",\"enum\":[\"carico\",\"scarico\"]},\"unit\":{\"type\":\"enumeration\",\"enum\":[\"pezzi\",\"litri\"]},\"quantity\":{\"type\":\"decimal\"},\"note\":{\"type\":\"text\"},\"product\":{\"type\":\"relation\",\"relation\":\"manyToOne\",\"target\":\"api::product.product\",\"inversedBy\":\"stock_movements\"},\"brewery\":{\"type\":\"relation\",\"relation\":\"manyToOne\",\"target\":\"api::brewery.brewery\",\"inversedBy\":\"stock_movements\"}},\"kind\":\"collectionType\"},\"modelType\":\"contentType\",\"modelName\":\"stock-movement\",\"connection\":\"default\",\"uid\":\"api::stock-movement.stock-movement\",\"apiName\":\"stock-movement\",\"globalId\":\"StockMovement\",\"actions\":{},\"lifecycles\":{}}}', 'object', NULL, NULL);
INSERT INTO `strapi_core_store_settings` (`id`, `key`, `value`, `type`, `environment`, `tag`) VALUES
(2, 'plugin_content_manager_configuration_content_types::admin::permission', '{\"settings\":{\"bulkable\":true,\"filterable\":true,\"searchable\":true,\"pageSize\":10,\"mainField\":\"action\",\"defaultSortBy\":\"action\",\"defaultSortOrder\":\"ASC\"},\"metadatas\":{\"id\":{\"edit\":{},\"list\":{\"label\":\"id\",\"searchable\":true,\"sortable\":true}},\"action\":{\"edit\":{\"label\":\"action\",\"description\":\"\",\"placeholder\":\"\",\"visible\":true,\"editable\":true},\"list\":{\"label\":\"action\",\"searchable\":true,\"sortable\":true}},\"actionParameters\":{\"edit\":{\"label\":\"actionParameters\",\"description\":\"\",\"placeholder\":\"\",\"visible\":true,\"editable\":true},\"list\":{\"label\":\"actionParameters\",\"searchable\":false,\"sortable\":false}},\"subject\":{\"edit\":{\"label\":\"subject\",\"description\":\"\",\"placeholder\":\"\",\"visible\":true,\"editable\":true},\"list\":{\"label\":\"subject\",\"searchable\":true,\"sortable\":true}},\"properties\":{\"edit\":{\"label\":\"properties\",\"description\":\"\",\"placeholder\":\"\",\"visible\":true,\"editable\":true},\"list\":{\"label\":\"properties\",\"searchable\":false,\"sortable\":false}},\"conditions\":{\"edit\":{\"label\":\"conditions\",\"description\":\"\",\"placeholder\":\"\",\"visible\":true,\"editable\":true},\"list\":{\"label\":\"conditions\",\"searchable\":false,\"sortable\":false}},\"role\":{\"edit\":{\"label\":\"role\",\"description\":\"\",\"placeholder\":\"\",\"visible\":true,\"editable\":true,\"mainField\":\"name\"},\"list\":{\"label\":\"role\",\"searchable\":true,\"sortable\":true}},\"createdAt\":{\"edit\":{\"label\":\"createdAt\",\"description\":\"\",\"placeholder\":\"\",\"visible\":false,\"editable\":true},\"list\":{\"label\":\"createdAt\",\"searchable\":true,\"sortable\":true}},\"updatedAt\":{\"edit\":{\"label\":\"updatedAt\",\"description\":\"\",\"placeholder\":\"\",\"visible\":false,\"editable\":true},\"list\":{\"label\":\"updatedAt\",\"searchable\":true,\"sortable\":true}},\"createdBy\":{\"edit\":{\"label\":\"createdBy\",\"description\":\"\",\"placeholder\":\"\",\"visible\":false,\"editable\":true,\"mainField\":\"firstname\"},\"list\":{\"label\":\"createdBy\",\"searchable\":true,\"sortable\":true}},\"updatedBy\":{\"edit\":{\"label\":\"updatedBy\",\"description\":\"\",\"placeholder\":\"\",\"visible\":false,\"editable\":true,\"mainField\":\"firstname\"},\"list\":{\"label\":\"updatedBy\",\"searchable\":true,\"sortable\":true}}},\"layouts\":{\"list\":[\"id\",\"action\",\"subject\",\"role\"],\"edit\":[[{\"name\":\"action\",\"size\":6}],[{\"name\":\"actionParameters\",\"size\":12}],[{\"name\":\"subject\",\"size\":6}],[{\"name\":\"properties\",\"size\":12}],[{\"name\":\"conditions\",\"size\":12}],[{\"name\":\"role\",\"size\":6}]]},\"uid\":\"admin::permission\"}', 'object', NULL, NULL),
(3, 'plugin_content_manager_configuration_content_types::admin::role', '{\"settings\":{\"bulkable\":true,\"filterable\":true,\"searchable\":true,\"pageSize\":10,\"mainField\":\"name\",\"defaultSortBy\":\"name\",\"defaultSortOrder\":\"ASC\"},\"metadatas\":{\"id\":{\"edit\":{},\"list\":{\"label\":\"id\",\"searchable\":true,\"sortable\":true}},\"name\":{\"edit\":{\"label\":\"name\",\"description\":\"\",\"placeholder\":\"\",\"visible\":true,\"editable\":true},\"list\":{\"label\":\"name\",\"searchable\":true,\"sortable\":true}},\"code\":{\"edit\":{\"label\":\"code\",\"description\":\"\",\"placeholder\":\"\",\"visible\":true,\"editable\":true},\"list\":{\"label\":\"code\",\"searchable\":true,\"sortable\":true}},\"description\":{\"edit\":{\"label\":\"description\",\"description\":\"\",\"placeholder\":\"\",\"visible\":true,\"editable\":true},\"list\":{\"label\":\"description\",\"searchable\":true,\"sortable\":true}},\"users\":{\"edit\":{\"label\":\"users\",\"description\":\"\",\"placeholder\":\"\",\"visible\":true,\"editable\":true,\"mainField\":\"firstname\"},\"list\":{\"label\":\"users\",\"searchable\":false,\"sortable\":false}},\"permissions\":{\"edit\":{\"label\":\"permissions\",\"description\":\"\",\"placeholder\":\"\",\"visible\":true,\"editable\":true,\"mainField\":\"action\"},\"list\":{\"label\":\"permissions\",\"searchable\":false,\"sortable\":false}},\"createdAt\":{\"edit\":{\"label\":\"createdAt\",\"description\":\"\",\"placeholder\":\"\",\"visible\":false,\"editable\":true},\"list\":{\"label\":\"createdAt\",\"searchable\":true,\"sortable\":true}},\"updatedAt\":{\"edit\":{\"label\":\"updatedAt\",\"description\":\"\",\"placeholder\":\"\",\"visible\":false,\"editable\":true},\"list\":{\"label\":\"updatedAt\",\"searchable\":true,\"sortable\":true}},\"createdBy\":{\"edit\":{\"label\":\"createdBy\",\"description\":\"\",\"placeholder\":\"\",\"visible\":false,\"editable\":true,\"mainField\":\"firstname\"},\"list\":{\"label\":\"createdBy\",\"searchable\":true,\"sortable\":true}},\"updatedBy\":{\"edit\":{\"label\":\"updatedBy\",\"description\":\"\",\"placeholder\":\"\",\"visible\":false,\"editable\":true,\"mainField\":\"firstname\"},\"list\":{\"label\":\"updatedBy\",\"searchable\":true,\"sortable\":true}}},\"layouts\":{\"list\":[\"id\",\"name\",\"code\",\"description\"],\"edit\":[[{\"name\":\"name\",\"size\":6},{\"name\":\"code\",\"size\":6}],[{\"name\":\"description\",\"size\":6},{\"name\":\"users\",\"size\":6}],[{\"name\":\"permissions\",\"size\":6}]]},\"uid\":\"admin::role\"}', 'object', NULL, NULL),
(4, 'plugin_content_manager_configuration_content_types::admin::api-token', '{\"settings\":{\"bulkable\":true,\"filterable\":true,\"searchable\":true,\"pageSize\":10,\"mainField\":\"name\",\"defaultSortBy\":\"name\",\"defaultSortOrder\":\"ASC\"},\"metadatas\":{\"id\":{\"edit\":{},\"list\":{\"label\":\"id\",\"searchable\":true,\"sortable\":true}},\"name\":{\"edit\":{\"label\":\"name\",\"description\":\"\",\"placeholder\":\"\",\"visible\":true,\"editable\":true},\"list\":{\"label\":\"name\",\"searchable\":true,\"sortable\":true}},\"description\":{\"edit\":{\"label\":\"description\",\"description\":\"\",\"placeholder\":\"\",\"visible\":true,\"editable\":true},\"list\":{\"label\":\"description\",\"searchable\":true,\"sortable\":true}},\"type\":{\"edit\":{\"label\":\"type\",\"description\":\"\",\"placeholder\":\"\",\"visible\":true,\"editable\":true},\"list\":{\"label\":\"type\",\"searchable\":true,\"sortable\":true}},\"accessKey\":{\"edit\":{\"label\":\"accessKey\",\"description\":\"\",\"placeholder\":\"\",\"visible\":true,\"editable\":true},\"list\":{\"label\":\"accessKey\",\"searchable\":true,\"sortable\":true}},\"lastUsedAt\":{\"edit\":{\"label\":\"lastUsedAt\",\"description\":\"\",\"placeholder\":\"\",\"visible\":true,\"editable\":true},\"list\":{\"label\":\"lastUsedAt\",\"searchable\":true,\"sortable\":true}},\"permissions\":{\"edit\":{\"label\":\"permissions\",\"description\":\"\",\"placeholder\":\"\",\"visible\":true,\"editable\":true,\"mainField\":\"action\"},\"list\":{\"label\":\"permissions\",\"searchable\":false,\"sortable\":false}},\"expiresAt\":{\"edit\":{\"label\":\"expiresAt\",\"description\":\"\",\"placeholder\":\"\",\"visible\":true,\"editable\":true},\"list\":{\"label\":\"expiresAt\",\"searchable\":true,\"sortable\":true}},\"lifespan\":{\"edit\":{\"label\":\"lifespan\",\"description\":\"\",\"placeholder\":\"\",\"visible\":true,\"editable\":true},\"list\":{\"label\":\"lifespan\",\"searchable\":true,\"sortable\":true}},\"createdAt\":{\"edit\":{\"label\":\"createdAt\",\"description\":\"\",\"placeholder\":\"\",\"visible\":false,\"editable\":true},\"list\":{\"label\":\"createdAt\",\"searchable\":true,\"sortable\":true}},\"updatedAt\":{\"edit\":{\"label\":\"updatedAt\",\"description\":\"\",\"placeholder\":\"\",\"visible\":false,\"editable\":true},\"list\":{\"label\":\"updatedAt\",\"searchable\":true,\"sortable\":true}},\"createdBy\":{\"edit\":{\"label\":\"createdBy\",\"description\":\"\",\"placeholder\":\"\",\"visible\":false,\"editable\":true,\"mainField\":\"firstname\"},\"list\":{\"label\":\"createdBy\",\"searchable\":true,\"sortable\":true}},\"updatedBy\":{\"edit\":{\"label\":\"updatedBy\",\"description\":\"\",\"placeholder\":\"\",\"visible\":false,\"editable\":true,\"mainField\":\"firstname\"},\"list\":{\"label\":\"updatedBy\",\"searchable\":true,\"sortable\":true}}},\"layouts\":{\"list\":[\"id\",\"name\",\"description\",\"type\"],\"edit\":[[{\"name\":\"name\",\"size\":6},{\"name\":\"description\",\"size\":6}],[{\"name\":\"type\",\"size\":6},{\"name\":\"accessKey\",\"size\":6}],[{\"name\":\"lastUsedAt\",\"size\":6},{\"name\":\"permissions\",\"size\":6}],[{\"name\":\"expiresAt\",\"size\":6},{\"name\":\"lifespan\",\"size\":4}]]},\"uid\":\"admin::api-token\"}', 'object', NULL, NULL),
(5, 'plugin_content_manager_configuration_content_types::admin::transfer-token', '{\"settings\":{\"bulkable\":true,\"filterable\":true,\"searchable\":true,\"pageSize\":10,\"mainField\":\"name\",\"defaultSortBy\":\"name\",\"defaultSortOrder\":\"ASC\"},\"metadatas\":{\"id\":{\"edit\":{},\"list\":{\"label\":\"id\",\"searchable\":true,\"sortable\":true}},\"name\":{\"edit\":{\"label\":\"name\",\"description\":\"\",\"placeholder\":\"\",\"visible\":true,\"editable\":true},\"list\":{\"label\":\"name\",\"searchable\":true,\"sortable\":true}},\"description\":{\"edit\":{\"label\":\"description\",\"description\":\"\",\"placeholder\":\"\",\"visible\":true,\"editable\":true},\"list\":{\"label\":\"description\",\"searchable\":true,\"sortable\":true}},\"accessKey\":{\"edit\":{\"label\":\"accessKey\",\"description\":\"\",\"placeholder\":\"\",\"visible\":true,\"editable\":true},\"list\":{\"label\":\"accessKey\",\"searchable\":true,\"sortable\":true}},\"lastUsedAt\":{\"edit\":{\"label\":\"lastUsedAt\",\"description\":\"\",\"placeholder\":\"\",\"visible\":true,\"editable\":true},\"list\":{\"label\":\"lastUsedAt\",\"searchable\":true,\"sortable\":true}},\"permissions\":{\"edit\":{\"label\":\"permissions\",\"description\":\"\",\"placeholder\":\"\",\"visible\":true,\"editable\":true,\"mainField\":\"action\"},\"list\":{\"label\":\"permissions\",\"searchable\":false,\"sortable\":false}},\"expiresAt\":{\"edit\":{\"label\":\"expiresAt\",\"description\":\"\",\"placeholder\":\"\",\"visible\":true,\"editable\":true},\"list\":{\"label\":\"expiresAt\",\"searchable\":true,\"sortable\":true}},\"lifespan\":{\"edit\":{\"label\":\"lifespan\",\"description\":\"\",\"placeholder\":\"\",\"visible\":true,\"editable\":true},\"list\":{\"label\":\"lifespan\",\"searchable\":true,\"sortable\":true}},\"createdAt\":{\"edit\":{\"label\":\"createdAt\",\"description\":\"\",\"placeholder\":\"\",\"visible\":false,\"editable\":true},\"list\":{\"label\":\"createdAt\",\"searchable\":true,\"sortable\":true}},\"updatedAt\":{\"edit\":{\"label\":\"updatedAt\",\"description\":\"\",\"placeholder\":\"\",\"visible\":false,\"editable\":true},\"list\":{\"label\":\"updatedAt\",\"searchable\":true,\"sortable\":true}},\"createdBy\":{\"edit\":{\"label\":\"createdBy\",\"description\":\"\",\"placeholder\":\"\",\"visible\":false,\"editable\":true,\"mainField\":\"firstname\"},\"list\":{\"label\":\"createdBy\",\"searchable\":true,\"sortable\":true}},\"updatedBy\":{\"edit\":{\"label\":\"updatedBy\",\"description\":\"\",\"placeholder\":\"\",\"visible\":false,\"editable\":true,\"mainField\":\"firstname\"},\"list\":{\"label\":\"updatedBy\",\"searchable\":true,\"sortable\":true}}},\"layouts\":{\"list\":[\"id\",\"name\",\"description\",\"accessKey\"],\"edit\":[[{\"name\":\"name\",\"size\":6},{\"name\":\"description\",\"size\":6}],[{\"name\":\"accessKey\",\"size\":6},{\"name\":\"lastUsedAt\",\"size\":6}],[{\"name\":\"permissions\",\"size\":6},{\"name\":\"expiresAt\",\"size\":6}],[{\"name\":\"lifespan\",\"size\":4}]]},\"uid\":\"admin::transfer-token\"}', 'object', NULL, NULL),
(6, 'plugin_content_manager_configuration_content_types::admin::api-token-permission', '{\"settings\":{\"bulkable\":true,\"filterable\":true,\"searchable\":true,\"pageSize\":10,\"mainField\":\"action\",\"defaultSortBy\":\"action\",\"defaultSortOrder\":\"ASC\"},\"metadatas\":{\"id\":{\"edit\":{},\"list\":{\"label\":\"id\",\"searchable\":true,\"sortable\":true}},\"action\":{\"edit\":{\"label\":\"action\",\"description\":\"\",\"placeholder\":\"\",\"visible\":true,\"editable\":true},\"list\":{\"label\":\"action\",\"searchable\":true,\"sortable\":true}},\"token\":{\"edit\":{\"label\":\"token\",\"description\":\"\",\"placeholder\":\"\",\"visible\":true,\"editable\":true,\"mainField\":\"name\"},\"list\":{\"label\":\"token\",\"searchable\":true,\"sortable\":true}},\"createdAt\":{\"edit\":{\"label\":\"createdAt\",\"description\":\"\",\"placeholder\":\"\",\"visible\":false,\"editable\":true},\"list\":{\"label\":\"createdAt\",\"searchable\":true,\"sortable\":true}},\"updatedAt\":{\"edit\":{\"label\":\"updatedAt\",\"description\":\"\",\"placeholder\":\"\",\"visible\":false,\"editable\":true},\"list\":{\"label\":\"updatedAt\",\"searchable\":true,\"sortable\":true}},\"createdBy\":{\"edit\":{\"label\":\"createdBy\",\"description\":\"\",\"placeholder\":\"\",\"visible\":false,\"editable\":true,\"mainField\":\"firstname\"},\"list\":{\"label\":\"createdBy\",\"searchable\":true,\"sortable\":true}},\"updatedBy\":{\"edit\":{\"label\":\"updatedBy\",\"description\":\"\",\"placeholder\":\"\",\"visible\":false,\"editable\":true,\"mainField\":\"firstname\"},\"list\":{\"label\":\"updatedBy\",\"searchable\":true,\"sortable\":true}}},\"layouts\":{\"list\":[\"id\",\"action\",\"token\",\"createdAt\"],\"edit\":[[{\"name\":\"action\",\"size\":6},{\"name\":\"token\",\"size\":6}]]},\"uid\":\"admin::api-token-permission\"}', 'object', NULL, NULL),
(7, 'plugin_content_manager_configuration_content_types::admin::transfer-token-permission', '{\"settings\":{\"bulkable\":true,\"filterable\":true,\"searchable\":true,\"pageSize\":10,\"mainField\":\"action\",\"defaultSortBy\":\"action\",\"defaultSortOrder\":\"ASC\"},\"metadatas\":{\"id\":{\"edit\":{},\"list\":{\"label\":\"id\",\"searchable\":true,\"sortable\":true}},\"action\":{\"edit\":{\"label\":\"action\",\"description\":\"\",\"placeholder\":\"\",\"visible\":true,\"editable\":true},\"list\":{\"label\":\"action\",\"searchable\":true,\"sortable\":true}},\"token\":{\"edit\":{\"label\":\"token\",\"description\":\"\",\"placeholder\":\"\",\"visible\":true,\"editable\":true,\"mainField\":\"name\"},\"list\":{\"label\":\"token\",\"searchable\":true,\"sortable\":true}},\"createdAt\":{\"edit\":{\"label\":\"createdAt\",\"description\":\"\",\"placeholder\":\"\",\"visible\":false,\"editable\":true},\"list\":{\"label\":\"createdAt\",\"searchable\":true,\"sortable\":true}},\"updatedAt\":{\"edit\":{\"label\":\"updatedAt\",\"description\":\"\",\"placeholder\":\"\",\"visible\":false,\"editable\":true},\"list\":{\"label\":\"updatedAt\",\"searchable\":true,\"sortable\":true}},\"createdBy\":{\"edit\":{\"label\":\"createdBy\",\"description\":\"\",\"placeholder\":\"\",\"visible\":false,\"editable\":true,\"mainField\":\"firstname\"},\"list\":{\"label\":\"createdBy\",\"searchable\":true,\"sortable\":true}},\"updatedBy\":{\"edit\":{\"label\":\"updatedBy\",\"description\":\"\",\"placeholder\":\"\",\"visible\":false,\"editable\":true,\"mainField\":\"firstname\"},\"list\":{\"label\":\"updatedBy\",\"searchable\":true,\"sortable\":true}}},\"layouts\":{\"list\":[\"id\",\"action\",\"token\",\"createdAt\"],\"edit\":[[{\"name\":\"action\",\"size\":6},{\"name\":\"token\",\"size\":6}]]},\"uid\":\"admin::transfer-token-permission\"}', 'object', NULL, NULL),
(8, 'plugin_content_manager_configuration_content_types::plugin::upload.file', '{\"settings\":{\"bulkable\":true,\"filterable\":true,\"searchable\":true,\"pageSize\":10,\"mainField\":\"name\",\"defaultSortBy\":\"name\",\"defaultSortOrder\":\"ASC\"},\"metadatas\":{\"id\":{\"edit\":{},\"list\":{\"label\":\"id\",\"searchable\":true,\"sortable\":true}},\"name\":{\"edit\":{\"label\":\"name\",\"description\":\"\",\"placeholder\":\"\",\"visible\":true,\"editable\":true},\"list\":{\"label\":\"name\",\"searchable\":true,\"sortable\":true}},\"alternativeText\":{\"edit\":{\"label\":\"alternativeText\",\"description\":\"\",\"placeholder\":\"\",\"visible\":true,\"editable\":true},\"list\":{\"label\":\"alternativeText\",\"searchable\":true,\"sortable\":true}},\"caption\":{\"edit\":{\"label\":\"caption\",\"description\":\"\",\"placeholder\":\"\",\"visible\":true,\"editable\":true},\"list\":{\"label\":\"caption\",\"searchable\":true,\"sortable\":true}},\"width\":{\"edit\":{\"label\":\"width\",\"description\":\"\",\"placeholder\":\"\",\"visible\":true,\"editable\":true},\"list\":{\"label\":\"width\",\"searchable\":true,\"sortable\":true}},\"height\":{\"edit\":{\"label\":\"height\",\"description\":\"\",\"placeholder\":\"\",\"visible\":true,\"editable\":true},\"list\":{\"label\":\"height\",\"searchable\":true,\"sortable\":true}},\"formats\":{\"edit\":{\"label\":\"formats\",\"description\":\"\",\"placeholder\":\"\",\"visible\":true,\"editable\":true},\"list\":{\"label\":\"formats\",\"searchable\":false,\"sortable\":false}},\"hash\":{\"edit\":{\"label\":\"hash\",\"description\":\"\",\"placeholder\":\"\",\"visible\":true,\"editable\":true},\"list\":{\"label\":\"hash\",\"searchable\":true,\"sortable\":true}},\"ext\":{\"edit\":{\"label\":\"ext\",\"description\":\"\",\"placeholder\":\"\",\"visible\":true,\"editable\":true},\"list\":{\"label\":\"ext\",\"searchable\":true,\"sortable\":true}},\"mime\":{\"edit\":{\"label\":\"mime\",\"description\":\"\",\"placeholder\":\"\",\"visible\":true,\"editable\":true},\"list\":{\"label\":\"mime\",\"searchable\":true,\"sortable\":true}},\"size\":{\"edit\":{\"label\":\"size\",\"description\":\"\",\"placeholder\":\"\",\"visible\":true,\"editable\":true},\"list\":{\"label\":\"size\",\"searchable\":true,\"sortable\":true}},\"url\":{\"edit\":{\"label\":\"url\",\"description\":\"\",\"placeholder\":\"\",\"visible\":true,\"editable\":true},\"list\":{\"label\":\"url\",\"searchable\":true,\"sortable\":true}},\"previewUrl\":{\"edit\":{\"label\":\"previewUrl\",\"description\":\"\",\"placeholder\":\"\",\"visible\":true,\"editable\":true},\"list\":{\"label\":\"previewUrl\",\"searchable\":true,\"sortable\":true}},\"provider\":{\"edit\":{\"label\":\"provider\",\"description\":\"\",\"placeholder\":\"\",\"visible\":true,\"editable\":true},\"list\":{\"label\":\"provider\",\"searchable\":true,\"sortable\":true}},\"provider_metadata\":{\"edit\":{\"label\":\"provider_metadata\",\"description\":\"\",\"placeholder\":\"\",\"visible\":true,\"editable\":true},\"list\":{\"label\":\"provider_metadata\",\"searchable\":false,\"sortable\":false}},\"folder\":{\"edit\":{\"label\":\"folder\",\"description\":\"\",\"placeholder\":\"\",\"visible\":true,\"editable\":true,\"mainField\":\"name\"},\"list\":{\"label\":\"folder\",\"searchable\":true,\"sortable\":true}},\"folderPath\":{\"edit\":{\"label\":\"folderPath\",\"description\":\"\",\"placeholder\":\"\",\"visible\":true,\"editable\":true},\"list\":{\"label\":\"folderPath\",\"searchable\":true,\"sortable\":true}},\"createdAt\":{\"edit\":{\"label\":\"createdAt\",\"description\":\"\",\"placeholder\":\"\",\"visible\":false,\"editable\":true},\"list\":{\"label\":\"createdAt\",\"searchable\":true,\"sortable\":true}},\"updatedAt\":{\"edit\":{\"label\":\"updatedAt\",\"description\":\"\",\"placeholder\":\"\",\"visible\":false,\"editable\":true},\"list\":{\"label\":\"updatedAt\",\"searchable\":true,\"sortable\":true}},\"createdBy\":{\"edit\":{\"label\":\"createdBy\",\"description\":\"\",\"placeholder\":\"\",\"visible\":false,\"editable\":true,\"mainField\":\"firstname\"},\"list\":{\"label\":\"createdBy\",\"searchable\":true,\"sortable\":true}},\"updatedBy\":{\"edit\":{\"label\":\"updatedBy\",\"description\":\"\",\"placeholder\":\"\",\"visible\":false,\"editable\":true,\"mainField\":\"firstname\"},\"list\":{\"label\":\"updatedBy\",\"searchable\":true,\"sortable\":true}}},\"layouts\":{\"list\":[\"id\",\"name\",\"alternativeText\",\"caption\"],\"edit\":[[{\"name\":\"name\",\"size\":6},{\"name\":\"alternativeText\",\"size\":6}],[{\"name\":\"caption\",\"size\":6},{\"name\":\"width\",\"size\":4}],[{\"name\":\"height\",\"size\":4}],[{\"name\":\"formats\",\"size\":12}],[{\"name\":\"hash\",\"size\":6},{\"name\":\"ext\",\"size\":6}],[{\"name\":\"mime\",\"size\":6},{\"name\":\"size\",\"size\":4}],[{\"name\":\"url\",\"size\":6},{\"name\":\"previewUrl\",\"size\":6}],[{\"name\":\"provider\",\"size\":6}],[{\"name\":\"provider_metadata\",\"size\":12}],[{\"name\":\"folder\",\"size\":6},{\"name\":\"folderPath\",\"size\":6}]]},\"uid\":\"plugin::upload.file\"}', 'object', NULL, NULL),
(9, 'plugin_content_manager_configuration_content_types::plugin::content-releases.release', '{\"settings\":{\"bulkable\":true,\"filterable\":true,\"searchable\":true,\"pageSize\":10,\"mainField\":\"name\",\"defaultSortBy\":\"name\",\"defaultSortOrder\":\"ASC\"},\"metadatas\":{\"id\":{\"edit\":{},\"list\":{\"label\":\"id\",\"searchable\":true,\"sortable\":true}},\"name\":{\"edit\":{\"label\":\"name\",\"description\":\"\",\"placeholder\":\"\",\"visible\":true,\"editable\":true},\"list\":{\"label\":\"name\",\"searchable\":true,\"sortable\":true}},\"releasedAt\":{\"edit\":{\"label\":\"releasedAt\",\"description\":\"\",\"placeholder\":\"\",\"visible\":true,\"editable\":true},\"list\":{\"label\":\"releasedAt\",\"searchable\":true,\"sortable\":true}},\"scheduledAt\":{\"edit\":{\"label\":\"scheduledAt\",\"description\":\"\",\"placeholder\":\"\",\"visible\":true,\"editable\":true},\"list\":{\"label\":\"scheduledAt\",\"searchable\":true,\"sortable\":true}},\"timezone\":{\"edit\":{\"label\":\"timezone\",\"description\":\"\",\"placeholder\":\"\",\"visible\":true,\"editable\":true},\"list\":{\"label\":\"timezone\",\"searchable\":true,\"sortable\":true}},\"status\":{\"edit\":{\"label\":\"status\",\"description\":\"\",\"placeholder\":\"\",\"visible\":true,\"editable\":true},\"list\":{\"label\":\"status\",\"searchable\":true,\"sortable\":true}},\"actions\":{\"edit\":{\"label\":\"actions\",\"description\":\"\",\"placeholder\":\"\",\"visible\":true,\"editable\":true,\"mainField\":\"contentType\"},\"list\":{\"label\":\"actions\",\"searchable\":false,\"sortable\":false}},\"createdAt\":{\"edit\":{\"label\":\"createdAt\",\"description\":\"\",\"placeholder\":\"\",\"visible\":false,\"editable\":true},\"list\":{\"label\":\"createdAt\",\"searchable\":true,\"sortable\":true}},\"updatedAt\":{\"edit\":{\"label\":\"updatedAt\",\"description\":\"\",\"placeholder\":\"\",\"visible\":false,\"editable\":true},\"list\":{\"label\":\"updatedAt\",\"searchable\":true,\"sortable\":true}},\"createdBy\":{\"edit\":{\"label\":\"createdBy\",\"description\":\"\",\"placeholder\":\"\",\"visible\":false,\"editable\":true,\"mainField\":\"firstname\"},\"list\":{\"label\":\"createdBy\",\"searchable\":true,\"sortable\":true}},\"updatedBy\":{\"edit\":{\"label\":\"updatedBy\",\"description\":\"\",\"placeholder\":\"\",\"visible\":false,\"editable\":true,\"mainField\":\"firstname\"},\"list\":{\"label\":\"updatedBy\",\"searchable\":true,\"sortable\":true}}},\"layouts\":{\"list\":[\"id\",\"name\",\"releasedAt\",\"scheduledAt\"],\"edit\":[[{\"name\":\"name\",\"size\":6},{\"name\":\"releasedAt\",\"size\":6}],[{\"name\":\"scheduledAt\",\"size\":6},{\"name\":\"timezone\",\"size\":6}],[{\"name\":\"status\",\"size\":6},{\"name\":\"actions\",\"size\":6}]]},\"uid\":\"plugin::content-releases.release\"}', 'object', NULL, NULL),
(10, 'plugin_content_manager_configuration_content_types::admin::user', '{\"settings\":{\"bulkable\":true,\"filterable\":true,\"searchable\":true,\"pageSize\":10,\"mainField\":\"firstname\",\"defaultSortBy\":\"firstname\",\"defaultSortOrder\":\"ASC\"},\"metadatas\":{\"id\":{\"edit\":{},\"list\":{\"label\":\"id\",\"searchable\":true,\"sortable\":true}},\"firstname\":{\"edit\":{\"label\":\"firstname\",\"description\":\"\",\"placeholder\":\"\",\"visible\":true,\"editable\":true},\"list\":{\"label\":\"firstname\",\"searchable\":true,\"sortable\":true}},\"lastname\":{\"edit\":{\"label\":\"lastname\",\"description\":\"\",\"placeholder\":\"\",\"visible\":true,\"editable\":true},\"list\":{\"label\":\"lastname\",\"searchable\":true,\"sortable\":true}},\"username\":{\"edit\":{\"label\":\"username\",\"description\":\"\",\"placeholder\":\"\",\"visible\":true,\"editable\":true},\"list\":{\"label\":\"username\",\"searchable\":true,\"sortable\":true}},\"email\":{\"edit\":{\"label\":\"email\",\"description\":\"\",\"placeholder\":\"\",\"visible\":true,\"editable\":true},\"list\":{\"label\":\"email\",\"searchable\":true,\"sortable\":true}},\"password\":{\"edit\":{\"label\":\"password\",\"description\":\"\",\"placeholder\":\"\",\"visible\":true,\"editable\":true},\"list\":{\"label\":\"password\",\"searchable\":true,\"sortable\":true}},\"resetPasswordToken\":{\"edit\":{\"label\":\"resetPasswordToken\",\"description\":\"\",\"placeholder\":\"\",\"visible\":false,\"editable\":true},\"list\":{\"label\":\"resetPasswordToken\",\"searchable\":true,\"sortable\":true}},\"registrationToken\":{\"edit\":{\"label\":\"registrationToken\",\"description\":\"\",\"placeholder\":\"\",\"visible\":false,\"editable\":true},\"list\":{\"label\":\"registrationToken\",\"searchable\":true,\"sortable\":true}},\"isActive\":{\"edit\":{\"label\":\"isActive\",\"description\":\"\",\"placeholder\":\"\",\"visible\":true,\"editable\":true},\"list\":{\"label\":\"isActive\",\"searchable\":true,\"sortable\":true}},\"roles\":{\"edit\":{\"label\":\"roles\",\"description\":\"\",\"placeholder\":\"\",\"visible\":true,\"editable\":true,\"mainField\":\"name\"},\"list\":{\"label\":\"roles\",\"searchable\":false,\"sortable\":false}},\"blocked\":{\"edit\":{\"label\":\"blocked\",\"description\":\"\",\"placeholder\":\"\",\"visible\":true,\"editable\":true},\"list\":{\"label\":\"blocked\",\"searchable\":true,\"sortable\":true}},\"preferedLanguage\":{\"edit\":{\"label\":\"preferedLanguage\",\"description\":\"\",\"placeholder\":\"\",\"visible\":true,\"editable\":true},\"list\":{\"label\":\"preferedLanguage\",\"searchable\":true,\"sortable\":true}},\"createdAt\":{\"edit\":{\"label\":\"createdAt\",\"description\":\"\",\"placeholder\":\"\",\"visible\":false,\"editable\":true},\"list\":{\"label\":\"createdAt\",\"searchable\":true,\"sortable\":true}},\"updatedAt\":{\"edit\":{\"label\":\"updatedAt\",\"description\":\"\",\"placeholder\":\"\",\"visible\":false,\"editable\":true},\"list\":{\"label\":\"updatedAt\",\"searchable\":true,\"sortable\":true}},\"createdBy\":{\"edit\":{\"label\":\"createdBy\",\"description\":\"\",\"placeholder\":\"\",\"visible\":false,\"editable\":true,\"mainField\":\"firstname\"},\"list\":{\"label\":\"createdBy\",\"searchable\":true,\"sortable\":true}},\"updatedBy\":{\"edit\":{\"label\":\"updatedBy\",\"description\":\"\",\"placeholder\":\"\",\"visible\":false,\"editable\":true,\"mainField\":\"firstname\"},\"list\":{\"label\":\"updatedBy\",\"searchable\":true,\"sortable\":true}}},\"layouts\":{\"list\":[\"id\",\"firstname\",\"lastname\",\"username\"],\"edit\":[[{\"name\":\"firstname\",\"size\":6},{\"name\":\"lastname\",\"size\":6}],[{\"name\":\"username\",\"size\":6},{\"name\":\"email\",\"size\":6}],[{\"name\":\"password\",\"size\":6},{\"name\":\"isActive\",\"size\":4}],[{\"name\":\"roles\",\"size\":6},{\"name\":\"blocked\",\"size\":4}],[{\"name\":\"preferedLanguage\",\"size\":6}]]},\"uid\":\"admin::user\"}', 'object', NULL, NULL),
(11, 'plugin_content_manager_configuration_content_types::plugin::content-releases.release-action', '{\"settings\":{\"bulkable\":true,\"filterable\":true,\"searchable\":true,\"pageSize\":10,\"mainField\":\"contentType\",\"defaultSortBy\":\"contentType\",\"defaultSortOrder\":\"ASC\"},\"metadatas\":{\"id\":{\"edit\":{},\"list\":{\"label\":\"id\",\"searchable\":true,\"sortable\":true}},\"type\":{\"edit\":{\"label\":\"type\",\"description\":\"\",\"placeholder\":\"\",\"visible\":true,\"editable\":true},\"list\":{\"label\":\"type\",\"searchable\":true,\"sortable\":true}},\"contentType\":{\"edit\":{\"label\":\"contentType\",\"description\":\"\",\"placeholder\":\"\",\"visible\":true,\"editable\":true},\"list\":{\"label\":\"contentType\",\"searchable\":true,\"sortable\":true}},\"locale\":{\"edit\":{\"label\":\"locale\",\"description\":\"\",\"placeholder\":\"\",\"visible\":true,\"editable\":true},\"list\":{\"label\":\"locale\",\"searchable\":true,\"sortable\":true}},\"release\":{\"edit\":{\"label\":\"release\",\"description\":\"\",\"placeholder\":\"\",\"visible\":true,\"editable\":true,\"mainField\":\"name\"},\"list\":{\"label\":\"release\",\"searchable\":true,\"sortable\":true}},\"isEntryValid\":{\"edit\":{\"label\":\"isEntryValid\",\"description\":\"\",\"placeholder\":\"\",\"visible\":true,\"editable\":true},\"list\":{\"label\":\"isEntryValid\",\"searchable\":true,\"sortable\":true}},\"createdAt\":{\"edit\":{\"label\":\"createdAt\",\"description\":\"\",\"placeholder\":\"\",\"visible\":false,\"editable\":true},\"list\":{\"label\":\"createdAt\",\"searchable\":true,\"sortable\":true}},\"updatedAt\":{\"edit\":{\"label\":\"updatedAt\",\"description\":\"\",\"placeholder\":\"\",\"visible\":false,\"editable\":true},\"list\":{\"label\":\"updatedAt\",\"searchable\":true,\"sortable\":true}},\"createdBy\":{\"edit\":{\"label\":\"createdBy\",\"description\":\"\",\"placeholder\":\"\",\"visible\":false,\"editable\":true,\"mainField\":\"firstname\"},\"list\":{\"label\":\"createdBy\",\"searchable\":true,\"sortable\":true}},\"updatedBy\":{\"edit\":{\"label\":\"updatedBy\",\"description\":\"\",\"placeholder\":\"\",\"visible\":false,\"editable\":true,\"mainField\":\"firstname\"},\"list\":{\"label\":\"updatedBy\",\"searchable\":true,\"sortable\":true}}},\"layouts\":{\"list\":[\"id\",\"type\",\"contentType\",\"locale\"],\"edit\":[[{\"name\":\"type\",\"size\":6},{\"name\":\"contentType\",\"size\":6}],[{\"name\":\"locale\",\"size\":6},{\"name\":\"release\",\"size\":6}],[{\"name\":\"isEntryValid\",\"size\":4}]]},\"uid\":\"plugin::content-releases.release-action\"}', 'object', NULL, NULL),
(12, 'plugin_content_manager_configuration_content_types::plugin::upload.folder', '{\"settings\":{\"bulkable\":true,\"filterable\":true,\"searchable\":true,\"pageSize\":10,\"mainField\":\"name\",\"defaultSortBy\":\"name\",\"defaultSortOrder\":\"ASC\"},\"metadatas\":{\"id\":{\"edit\":{},\"list\":{\"label\":\"id\",\"searchable\":true,\"sortable\":true}},\"name\":{\"edit\":{\"label\":\"name\",\"description\":\"\",\"placeholder\":\"\",\"visible\":true,\"editable\":true},\"list\":{\"label\":\"name\",\"searchable\":true,\"sortable\":true}},\"pathId\":{\"edit\":{\"label\":\"pathId\",\"description\":\"\",\"placeholder\":\"\",\"visible\":true,\"editable\":true},\"list\":{\"label\":\"pathId\",\"searchable\":true,\"sortable\":true}},\"parent\":{\"edit\":{\"label\":\"parent\",\"description\":\"\",\"placeholder\":\"\",\"visible\":true,\"editable\":true,\"mainField\":\"name\"},\"list\":{\"label\":\"parent\",\"searchable\":true,\"sortable\":true}},\"children\":{\"edit\":{\"label\":\"children\",\"description\":\"\",\"placeholder\":\"\",\"visible\":true,\"editable\":true,\"mainField\":\"name\"},\"list\":{\"label\":\"children\",\"searchable\":false,\"sortable\":false}},\"files\":{\"edit\":{\"label\":\"files\",\"description\":\"\",\"placeholder\":\"\",\"visible\":true,\"editable\":true,\"mainField\":\"name\"},\"list\":{\"label\":\"files\",\"searchable\":false,\"sortable\":false}},\"path\":{\"edit\":{\"label\":\"path\",\"description\":\"\",\"placeholder\":\"\",\"visible\":true,\"editable\":true},\"list\":{\"label\":\"path\",\"searchable\":true,\"sortable\":true}},\"createdAt\":{\"edit\":{\"label\":\"createdAt\",\"description\":\"\",\"placeholder\":\"\",\"visible\":false,\"editable\":true},\"list\":{\"label\":\"createdAt\",\"searchable\":true,\"sortable\":true}},\"updatedAt\":{\"edit\":{\"label\":\"updatedAt\",\"description\":\"\",\"placeholder\":\"\",\"visible\":false,\"editable\":true},\"list\":{\"label\":\"updatedAt\",\"searchable\":true,\"sortable\":true}},\"createdBy\":{\"edit\":{\"label\":\"createdBy\",\"description\":\"\",\"placeholder\":\"\",\"visible\":false,\"editable\":true,\"mainField\":\"firstname\"},\"list\":{\"label\":\"createdBy\",\"searchable\":true,\"sortable\":true}},\"updatedBy\":{\"edit\":{\"label\":\"updatedBy\",\"description\":\"\",\"placeholder\":\"\",\"visible\":false,\"editable\":true,\"mainField\":\"firstname\"},\"list\":{\"label\":\"updatedBy\",\"searchable\":true,\"sortable\":true}}},\"layouts\":{\"list\":[\"id\",\"name\",\"pathId\",\"parent\"],\"edit\":[[{\"name\":\"name\",\"size\":6},{\"name\":\"pathId\",\"size\":4}],[{\"name\":\"parent\",\"size\":6},{\"name\":\"children\",\"size\":6}],[{\"name\":\"files\",\"size\":6},{\"name\":\"path\",\"size\":6}]]},\"uid\":\"plugin::upload.folder\"}', 'object', NULL, NULL),
(13, 'plugin_content_manager_configuration_content_types::plugin::users-permissions.permission', '{\"settings\":{\"bulkable\":true,\"filterable\":true,\"searchable\":true,\"pageSize\":10,\"mainField\":\"action\",\"defaultSortBy\":\"action\",\"defaultSortOrder\":\"ASC\"},\"metadatas\":{\"id\":{\"edit\":{},\"list\":{\"label\":\"id\",\"searchable\":true,\"sortable\":true}},\"action\":{\"edit\":{\"label\":\"action\",\"description\":\"\",\"placeholder\":\"\",\"visible\":true,\"editable\":true},\"list\":{\"label\":\"action\",\"searchable\":true,\"sortable\":true}},\"role\":{\"edit\":{\"label\":\"role\",\"description\":\"\",\"placeholder\":\"\",\"visible\":true,\"editable\":true,\"mainField\":\"name\"},\"list\":{\"label\":\"role\",\"searchable\":true,\"sortable\":true}},\"createdAt\":{\"edit\":{\"label\":\"createdAt\",\"description\":\"\",\"placeholder\":\"\",\"visible\":false,\"editable\":true},\"list\":{\"label\":\"createdAt\",\"searchable\":true,\"sortable\":true}},\"updatedAt\":{\"edit\":{\"label\":\"updatedAt\",\"description\":\"\",\"placeholder\":\"\",\"visible\":false,\"editable\":true},\"list\":{\"label\":\"updatedAt\",\"searchable\":true,\"sortable\":true}},\"createdBy\":{\"edit\":{\"label\":\"createdBy\",\"description\":\"\",\"placeholder\":\"\",\"visible\":false,\"editable\":true,\"mainField\":\"firstname\"},\"list\":{\"label\":\"createdBy\",\"searchable\":true,\"sortable\":true}},\"updatedBy\":{\"edit\":{\"label\":\"updatedBy\",\"description\":\"\",\"placeholder\":\"\",\"visible\":false,\"editable\":true,\"mainField\":\"firstname\"},\"list\":{\"label\":\"updatedBy\",\"searchable\":true,\"sortable\":true}}},\"layouts\":{\"list\":[\"id\",\"action\",\"role\",\"createdAt\"],\"edit\":[[{\"name\":\"action\",\"size\":6},{\"name\":\"role\",\"size\":6}]]},\"uid\":\"plugin::users-permissions.permission\"}', 'object', NULL, NULL),
(14, 'plugin_content_manager_configuration_content_types::plugin::users-permissions.role', '{\"settings\":{\"bulkable\":true,\"filterable\":true,\"searchable\":true,\"pageSize\":10,\"mainField\":\"name\",\"defaultSortBy\":\"name\",\"defaultSortOrder\":\"ASC\"},\"metadatas\":{\"id\":{\"edit\":{},\"list\":{\"label\":\"id\",\"searchable\":true,\"sortable\":true}},\"name\":{\"edit\":{\"label\":\"name\",\"description\":\"\",\"placeholder\":\"\",\"visible\":true,\"editable\":true},\"list\":{\"label\":\"name\",\"searchable\":true,\"sortable\":true}},\"description\":{\"edit\":{\"label\":\"description\",\"description\":\"\",\"placeholder\":\"\",\"visible\":true,\"editable\":true},\"list\":{\"label\":\"description\",\"searchable\":true,\"sortable\":true}},\"type\":{\"edit\":{\"label\":\"type\",\"description\":\"\",\"placeholder\":\"\",\"visible\":true,\"editable\":true},\"list\":{\"label\":\"type\",\"searchable\":true,\"sortable\":true}},\"permissions\":{\"edit\":{\"label\":\"permissions\",\"description\":\"\",\"placeholder\":\"\",\"visible\":true,\"editable\":true,\"mainField\":\"action\"},\"list\":{\"label\":\"permissions\",\"searchable\":false,\"sortable\":false}},\"users\":{\"edit\":{\"label\":\"users\",\"description\":\"\",\"placeholder\":\"\",\"visible\":true,\"editable\":true,\"mainField\":\"username\"},\"list\":{\"label\":\"users\",\"searchable\":false,\"sortable\":false}},\"createdAt\":{\"edit\":{\"label\":\"createdAt\",\"description\":\"\",\"placeholder\":\"\",\"visible\":false,\"editable\":true},\"list\":{\"label\":\"createdAt\",\"searchable\":true,\"sortable\":true}},\"updatedAt\":{\"edit\":{\"label\":\"updatedAt\",\"description\":\"\",\"placeholder\":\"\",\"visible\":false,\"editable\":true},\"list\":{\"label\":\"updatedAt\",\"searchable\":true,\"sortable\":true}},\"createdBy\":{\"edit\":{\"label\":\"createdBy\",\"description\":\"\",\"placeholder\":\"\",\"visible\":false,\"editable\":true,\"mainField\":\"firstname\"},\"list\":{\"label\":\"createdBy\",\"searchable\":true,\"sortable\":true}},\"updatedBy\":{\"edit\":{\"label\":\"updatedBy\",\"description\":\"\",\"placeholder\":\"\",\"visible\":false,\"editable\":true,\"mainField\":\"firstname\"},\"list\":{\"label\":\"updatedBy\",\"searchable\":true,\"sortable\":true}}},\"layouts\":{\"list\":[\"id\",\"name\",\"description\",\"type\"],\"edit\":[[{\"name\":\"name\",\"size\":6},{\"name\":\"description\",\"size\":6}],[{\"name\":\"type\",\"size\":6},{\"name\":\"permissions\",\"size\":6}],[{\"name\":\"users\",\"size\":6}]]},\"uid\":\"plugin::users-permissions.role\"}', 'object', NULL, NULL),
(15, 'plugin_content_manager_configuration_content_types::plugin::users-permissions.user', '{\"settings\":{\"bulkable\":true,\"filterable\":true,\"searchable\":true,\"pageSize\":10,\"mainField\":\"username\",\"defaultSortBy\":\"username\",\"defaultSortOrder\":\"ASC\"},\"metadatas\":{\"id\":{\"edit\":{},\"list\":{\"label\":\"id\",\"searchable\":true,\"sortable\":true}},\"username\":{\"edit\":{\"label\":\"username\",\"description\":\"\",\"placeholder\":\"\",\"visible\":true,\"editable\":true},\"list\":{\"label\":\"username\",\"searchable\":true,\"sortable\":true}},\"email\":{\"edit\":{\"label\":\"email\",\"description\":\"\",\"placeholder\":\"\",\"visible\":true,\"editable\":true},\"list\":{\"label\":\"email\",\"searchable\":true,\"sortable\":true}},\"provider\":{\"edit\":{\"label\":\"provider\",\"description\":\"\",\"placeholder\":\"\",\"visible\":false,\"editable\":true},\"list\":{\"label\":\"provider\",\"searchable\":true,\"sortable\":true}},\"password\":{\"edit\":{\"label\":\"password\",\"description\":\"\",\"placeholder\":\"\",\"visible\":true,\"editable\":true},\"list\":{\"label\":\"password\",\"searchable\":true,\"sortable\":true}},\"resetPasswordToken\":{\"edit\":{\"label\":\"resetPasswordToken\",\"description\":\"\",\"placeholder\":\"\",\"visible\":false,\"editable\":true},\"list\":{\"label\":\"resetPasswordToken\",\"searchable\":true,\"sortable\":true}},\"confirmationToken\":{\"edit\":{\"label\":\"confirmationToken\",\"description\":\"\",\"placeholder\":\"\",\"visible\":false,\"editable\":true},\"list\":{\"label\":\"confirmationToken\",\"searchable\":true,\"sortable\":true}},\"confirmed\":{\"edit\":{\"label\":\"confirmed\",\"description\":\"\",\"placeholder\":\"\",\"visible\":true,\"editable\":true},\"list\":{\"label\":\"confirmed\",\"searchable\":true,\"sortable\":true}},\"blocked\":{\"edit\":{\"label\":\"blocked\",\"description\":\"\",\"placeholder\":\"\",\"visible\":true,\"editable\":true},\"list\":{\"label\":\"blocked\",\"searchable\":true,\"sortable\":true}},\"role\":{\"edit\":{\"label\":\"role\",\"description\":\"\",\"placeholder\":\"\",\"visible\":true,\"editable\":true,\"mainField\":\"name\"},\"list\":{\"label\":\"role\",\"searchable\":true,\"sortable\":true}},\"brewery\":{\"edit\":{\"label\":\"brewery\",\"description\":\"\",\"placeholder\":\"\",\"visible\":true,\"editable\":true,\"mainField\":\"name\"},\"list\":{\"label\":\"brewery\",\"searchable\":true,\"sortable\":true}},\"createdAt\":{\"edit\":{\"label\":\"createdAt\",\"description\":\"\",\"placeholder\":\"\",\"visible\":false,\"editable\":true},\"list\":{\"label\":\"createdAt\",\"searchable\":true,\"sortable\":true}},\"updatedAt\":{\"edit\":{\"label\":\"updatedAt\",\"description\":\"\",\"placeholder\":\"\",\"visible\":false,\"editable\":true},\"list\":{\"label\":\"updatedAt\",\"searchable\":true,\"sortable\":true}},\"createdBy\":{\"edit\":{\"label\":\"createdBy\",\"description\":\"\",\"placeholder\":\"\",\"visible\":false,\"editable\":true,\"mainField\":\"firstname\"},\"list\":{\"label\":\"createdBy\",\"searchable\":true,\"sortable\":true}},\"updatedBy\":{\"edit\":{\"label\":\"updatedBy\",\"description\":\"\",\"placeholder\":\"\",\"visible\":false,\"editable\":true,\"mainField\":\"firstname\"},\"list\":{\"label\":\"updatedBy\",\"searchable\":true,\"sortable\":true}}},\"layouts\":{\"list\":[\"id\",\"username\",\"email\",\"confirmed\"],\"edit\":[[{\"name\":\"username\",\"size\":6},{\"name\":\"email\",\"size\":6}],[{\"name\":\"password\",\"size\":6},{\"name\":\"confirmed\",\"size\":4}],[{\"name\":\"blocked\",\"size\":4},{\"name\":\"role\",\"size\":6}],[{\"name\":\"brewery\",\"size\":6}]]},\"uid\":\"plugin::users-permissions.user\"}', 'object', NULL, NULL),
(16, 'plugin_content_manager_configuration_content_types::plugin::i18n.locale', '{\"settings\":{\"bulkable\":true,\"filterable\":true,\"searchable\":true,\"pageSize\":10,\"mainField\":\"name\",\"defaultSortBy\":\"name\",\"defaultSortOrder\":\"ASC\"},\"metadatas\":{\"id\":{\"edit\":{},\"list\":{\"label\":\"id\",\"searchable\":true,\"sortable\":true}},\"name\":{\"edit\":{\"label\":\"name\",\"description\":\"\",\"placeholder\":\"\",\"visible\":true,\"editable\":true},\"list\":{\"label\":\"name\",\"searchable\":true,\"sortable\":true}},\"code\":{\"edit\":{\"label\":\"code\",\"description\":\"\",\"placeholder\":\"\",\"visible\":true,\"editable\":true},\"list\":{\"label\":\"code\",\"searchable\":true,\"sortable\":true}},\"createdAt\":{\"edit\":{\"label\":\"createdAt\",\"description\":\"\",\"placeholder\":\"\",\"visible\":false,\"editable\":true},\"list\":{\"label\":\"createdAt\",\"searchable\":true,\"sortable\":true}},\"updatedAt\":{\"edit\":{\"label\":\"updatedAt\",\"description\":\"\",\"placeholder\":\"\",\"visible\":false,\"editable\":true},\"list\":{\"label\":\"updatedAt\",\"searchable\":true,\"sortable\":true}},\"createdBy\":{\"edit\":{\"label\":\"createdBy\",\"description\":\"\",\"placeholder\":\"\",\"visible\":false,\"editable\":true,\"mainField\":\"firstname\"},\"list\":{\"label\":\"createdBy\",\"searchable\":true,\"sortable\":true}},\"updatedBy\":{\"edit\":{\"label\":\"updatedBy\",\"description\":\"\",\"placeholder\":\"\",\"visible\":false,\"editable\":true,\"mainField\":\"firstname\"},\"list\":{\"label\":\"updatedBy\",\"searchable\":true,\"sortable\":true}}},\"layouts\":{\"list\":[\"id\",\"name\",\"code\",\"createdAt\"],\"edit\":[[{\"name\":\"name\",\"size\":6},{\"name\":\"code\",\"size\":6}]]},\"uid\":\"plugin::i18n.locale\"}', 'object', NULL, NULL),
(17, 'plugin_upload_settings', '{\"sizeOptimization\":true,\"responsiveDimensions\":true,\"autoOrientation\":false}', 'object', NULL, NULL),
(18, 'plugin_upload_view_configuration', '{\"pageSize\":10,\"sort\":\"createdAt:DESC\"}', 'object', NULL, NULL),
(19, 'plugin_upload_metrics', '{\"weeklySchedule\":\"44 8 17 * * 0\",\"lastWeeklyUpdate\":1754838524013}', 'object', NULL, NULL),
(20, 'plugin_users-permissions_grant', '{\"email\":{\"enabled\":true,\"icon\":\"envelope\"},\"discord\":{\"enabled\":false,\"icon\":\"discord\",\"key\":\"\",\"secret\":\"\",\"callback\":\"api/auth/discord/callback\",\"scope\":[\"identify\",\"email\"]},\"facebook\":{\"enabled\":false,\"icon\":\"facebook-square\",\"key\":\"\",\"secret\":\"\",\"callback\":\"api/auth/facebook/callback\",\"scope\":[\"email\"]},\"google\":{\"enabled\":false,\"icon\":\"google\",\"key\":\"\",\"secret\":\"\",\"callback\":\"api/auth/google/callback\",\"scope\":[\"email\"]},\"github\":{\"enabled\":false,\"icon\":\"github\",\"key\":\"\",\"secret\":\"\",\"callback\":\"api/auth/github/callback\",\"scope\":[\"user\",\"user:email\"]},\"microsoft\":{\"enabled\":false,\"icon\":\"windows\",\"key\":\"\",\"secret\":\"\",\"callback\":\"api/auth/microsoft/callback\",\"scope\":[\"user.read\"]},\"twitter\":{\"enabled\":false,\"icon\":\"twitter\",\"key\":\"\",\"secret\":\"\",\"callback\":\"api/auth/twitter/callback\"},\"instagram\":{\"enabled\":false,\"icon\":\"instagram\",\"key\":\"\",\"secret\":\"\",\"callback\":\"api/auth/instagram/callback\",\"scope\":[\"user_profile\"]},\"vk\":{\"enabled\":false,\"icon\":\"vk\",\"key\":\"\",\"secret\":\"\",\"callback\":\"api/auth/vk/callback\",\"scope\":[\"email\"]},\"twitch\":{\"enabled\":false,\"icon\":\"twitch\",\"key\":\"\",\"secret\":\"\",\"callback\":\"api/auth/twitch/callback\",\"scope\":[\"user:read:email\"]},\"linkedin\":{\"enabled\":false,\"icon\":\"linkedin\",\"key\":\"\",\"secret\":\"\",\"callback\":\"api/auth/linkedin/callback\",\"scope\":[\"r_liteprofile\",\"r_emailaddress\"]},\"cognito\":{\"enabled\":false,\"icon\":\"aws\",\"key\":\"\",\"secret\":\"\",\"subdomain\":\"my.subdomain.com\",\"callback\":\"api/auth/cognito/callback\",\"scope\":[\"email\",\"openid\",\"profile\"]},\"reddit\":{\"enabled\":false,\"icon\":\"reddit\",\"key\":\"\",\"secret\":\"\",\"state\":true,\"callback\":\"api/auth/reddit/callback\",\"scope\":[\"identity\"]},\"auth0\":{\"enabled\":false,\"icon\":\"\",\"key\":\"\",\"secret\":\"\",\"subdomain\":\"my-tenant.eu\",\"callback\":\"api/auth/auth0/callback\",\"scope\":[\"openid\",\"email\",\"profile\"]},\"cas\":{\"enabled\":false,\"icon\":\"book\",\"key\":\"\",\"secret\":\"\",\"callback\":\"api/auth/cas/callback\",\"scope\":[\"openid email\"],\"subdomain\":\"my.subdomain.com/cas\"},\"patreon\":{\"enabled\":false,\"icon\":\"\",\"key\":\"\",\"secret\":\"\",\"callback\":\"api/auth/patreon/callback\",\"scope\":[\"identity\",\"identity[email]\"]},\"keycloak\":{\"enabled\":false,\"icon\":\"\",\"key\":\"\",\"secret\":\"\",\"subdomain\":\"myKeycloakProvider.com/realms/myrealm\",\"callback\":\"api/auth/keycloak/callback\",\"scope\":[\"openid\",\"email\",\"profile\"]}}', 'object', NULL, NULL),
(21, 'plugin_users-permissions_email', '{\"reset_password\":{\"display\":\"Email.template.reset_password\",\"icon\":\"sync\",\"options\":{\"from\":{\"name\":\"Administration Panel\",\"email\":\"no-reply@strapi.io\"},\"response_email\":\"\",\"object\":\"Reset password\",\"message\":\"<p>We heard that you lost your password. Sorry about that!</p>\\n\\n<p>But dont worry! You can use the following link to reset your password:</p>\\n<p><%= URL %>?code=<%= TOKEN %></p>\\n\\n<p>Thanks.</p>\"}},\"email_confirmation\":{\"display\":\"Email.template.email_confirmation\",\"icon\":\"check-square\",\"options\":{\"from\":{\"name\":\"Administration Panel\",\"email\":\"no-reply@strapi.io\"},\"response_email\":\"\",\"object\":\"Account confirmation\",\"message\":\"<p>Thank you for registering!</p>\\n\\n<p>You have to confirm your email address. Please click on the link below.</p>\\n\\n<p><%= URL %>?confirmation=<%= CODE %></p>\\n\\n<p>Thanks.</p>\"}}}', 'object', NULL, NULL),
(22, 'plugin_users-permissions_advanced', '{\"unique_email\":true,\"allow_register\":true,\"email_confirmation\":false,\"email_reset_password\":null,\"email_confirmation_redirection\":null,\"default_role\":\"authenticated\"}', 'object', NULL, NULL),
(23, 'plugin_i18n_default_locale', '\"en\"', 'string', NULL, NULL),
(24, 'core_admin_auth', '{\"providers\":{\"autoRegister\":false,\"defaultRole\":null,\"ssoLockedRoles\":null}}', 'object', NULL, NULL);
INSERT INTO `strapi_core_store_settings` (`id`, `key`, `value`, `type`, `environment`, `tag`) VALUES
(25, 'plugin_content_manager_configuration_content_types::api::brewery.brewery', '{\"settings\":{\"bulkable\":true,\"filterable\":true,\"searchable\":true,\"pageSize\":10,\"mainField\":\"name\",\"defaultSortBy\":\"name\",\"defaultSortOrder\":\"ASC\"},\"metadatas\":{\"id\":{\"edit\":{},\"list\":{\"label\":\"id\",\"searchable\":true,\"sortable\":true}},\"name\":{\"edit\":{\"label\":\"name\",\"description\":\"\",\"placeholder\":\"\",\"visible\":true,\"editable\":true},\"list\":{\"label\":\"name\",\"searchable\":true,\"sortable\":true}},\"slug\":{\"edit\":{\"label\":\"slug\",\"description\":\"\",\"placeholder\":\"\",\"visible\":true,\"editable\":true},\"list\":{\"label\":\"slug\",\"searchable\":true,\"sortable\":true}},\"address\":{\"edit\":{\"label\":\"address\",\"description\":\"\",\"placeholder\":\"\",\"visible\":true,\"editable\":true},\"list\":{\"label\":\"address\",\"searchable\":true,\"sortable\":true}},\"phone\":{\"edit\":{\"label\":\"phone\",\"description\":\"\",\"placeholder\":\"\",\"visible\":true,\"editable\":true},\"list\":{\"label\":\"phone\",\"searchable\":true,\"sortable\":true}},\"is_active\":{\"edit\":{\"label\":\"is_active\",\"description\":\"\",\"placeholder\":\"\",\"visible\":true,\"editable\":true},\"list\":{\"label\":\"is_active\",\"searchable\":true,\"sortable\":true}},\"users\":{\"edit\":{\"label\":\"users\",\"description\":\"\",\"placeholder\":\"\",\"visible\":true,\"editable\":true,\"mainField\":\"username\"},\"list\":{\"label\":\"users\",\"searchable\":false,\"sortable\":false}},\"products\":{\"edit\":{\"label\":\"products\",\"description\":\"\",\"placeholder\":\"\",\"visible\":true,\"editable\":true,\"mainField\":\"name\"},\"list\":{\"label\":\"products\",\"searchable\":false,\"sortable\":false}},\"connected_kegs\":{\"edit\":{\"label\":\"connected_kegs\",\"description\":\"\",\"placeholder\":\"\",\"visible\":true,\"editable\":true,\"mainField\":\"id\"},\"list\":{\"label\":\"connected_kegs\",\"searchable\":false,\"sortable\":false}},\"stock_movements\":{\"edit\":{\"label\":\"stock_movements\",\"description\":\"\",\"placeholder\":\"\",\"visible\":true,\"editable\":true,\"mainField\":\"id\"},\"list\":{\"label\":\"stock_movements\",\"searchable\":false,\"sortable\":false}},\"tap_count\":{\"edit\":{\"label\":\"tap_count\",\"description\":\"\",\"placeholder\":\"\",\"visible\":true,\"editable\":true},\"list\":{\"label\":\"tap_count\",\"searchable\":true,\"sortable\":true}},\"orders\":{\"edit\":{\"label\":\"orders\",\"description\":\"\",\"placeholder\":\"\",\"visible\":true,\"editable\":true,\"mainField\":\"id\"},\"list\":{\"label\":\"orders\",\"searchable\":false,\"sortable\":false}},\"createdAt\":{\"edit\":{\"label\":\"createdAt\",\"description\":\"\",\"placeholder\":\"\",\"visible\":false,\"editable\":true},\"list\":{\"label\":\"createdAt\",\"searchable\":true,\"sortable\":true}},\"updatedAt\":{\"edit\":{\"label\":\"updatedAt\",\"description\":\"\",\"placeholder\":\"\",\"visible\":false,\"editable\":true},\"list\":{\"label\":\"updatedAt\",\"searchable\":true,\"sortable\":true}},\"createdBy\":{\"edit\":{\"label\":\"createdBy\",\"description\":\"\",\"placeholder\":\"\",\"visible\":false,\"editable\":true,\"mainField\":\"firstname\"},\"list\":{\"label\":\"createdBy\",\"searchable\":true,\"sortable\":true}},\"updatedBy\":{\"edit\":{\"label\":\"updatedBy\",\"description\":\"\",\"placeholder\":\"\",\"visible\":false,\"editable\":true,\"mainField\":\"firstname\"},\"list\":{\"label\":\"updatedBy\",\"searchable\":true,\"sortable\":true}}},\"layouts\":{\"list\":[\"id\",\"name\",\"slug\",\"address\"],\"edit\":[[{\"name\":\"name\",\"size\":6},{\"name\":\"slug\",\"size\":6}],[{\"name\":\"address\",\"size\":6},{\"name\":\"phone\",\"size\":6}],[{\"name\":\"is_active\",\"size\":4},{\"name\":\"users\",\"size\":6}],[{\"name\":\"products\",\"size\":6},{\"name\":\"connected_kegs\",\"size\":6}],[{\"name\":\"stock_movements\",\"size\":6},{\"name\":\"tap_count\",\"size\":4}],[{\"name\":\"orders\",\"size\":6}]]},\"uid\":\"api::brewery.brewery\"}', 'object', NULL, NULL),
(26, 'plugin_content_manager_configuration_content_types::api::product.product', '{\"settings\":{\"bulkable\":true,\"filterable\":true,\"searchable\":true,\"pageSize\":10,\"mainField\":\"name\",\"defaultSortBy\":\"name\",\"defaultSortOrder\":\"ASC\"},\"metadatas\":{\"id\":{\"edit\":{},\"list\":{\"label\":\"id\",\"searchable\":true,\"sortable\":true}},\"name\":{\"edit\":{\"label\":\"name\",\"description\":\"\",\"placeholder\":\"\",\"visible\":true,\"editable\":true},\"list\":{\"label\":\"name\",\"searchable\":true,\"sortable\":true}},\"type\":{\"edit\":{\"label\":\"type\",\"description\":\"\",\"placeholder\":\"\",\"visible\":true,\"editable\":true},\"list\":{\"label\":\"type\",\"searchable\":true,\"sortable\":true}},\"description\":{\"edit\":{\"label\":\"description\",\"description\":\"\",\"placeholder\":\"\",\"visible\":true,\"editable\":true},\"list\":{\"label\":\"description\",\"searchable\":false,\"sortable\":false}},\"abv\":{\"edit\":{\"label\":\"abv\",\"description\":\"\",\"placeholder\":\"\",\"visible\":true,\"editable\":true},\"list\":{\"label\":\"abv\",\"searchable\":true,\"sortable\":true}},\"formats\":{\"edit\":{\"label\":\"formats\",\"description\":\"\",\"placeholder\":\"\",\"visible\":true,\"editable\":true},\"list\":{\"label\":\"formats\",\"searchable\":false,\"sortable\":false}},\"brewery\":{\"edit\":{\"label\":\"brewery\",\"description\":\"\",\"placeholder\":\"\",\"visible\":true,\"editable\":true,\"mainField\":\"name\"},\"list\":{\"label\":\"brewery\",\"searchable\":true,\"sortable\":true}},\"stock_movements\":{\"edit\":{\"label\":\"stock_movements\",\"description\":\"\",\"placeholder\":\"\",\"visible\":true,\"editable\":true,\"mainField\":\"id\"},\"list\":{\"label\":\"stock_movements\",\"searchable\":false,\"sortable\":false}},\"connected_kegs\":{\"edit\":{\"label\":\"connected_kegs\",\"description\":\"\",\"placeholder\":\"\",\"visible\":true,\"editable\":true,\"mainField\":\"id\"},\"list\":{\"label\":\"connected_kegs\",\"searchable\":false,\"sortable\":false}},\"liters_per_unit\":{\"edit\":{\"label\":\"liters_per_unit\",\"description\":\"\",\"placeholder\":\"\",\"visible\":true,\"editable\":true},\"list\":{\"label\":\"liters_per_unit\",\"searchable\":true,\"sortable\":true}},\"order_items\":{\"edit\":{\"label\":\"order_items\",\"description\":\"\",\"placeholder\":\"\",\"visible\":true,\"editable\":true,\"mainField\":\"size\"},\"list\":{\"label\":\"order_items\",\"searchable\":false,\"sortable\":false}},\"price\":{\"edit\":{\"label\":\"price\",\"description\":\"\",\"placeholder\":\"\",\"visible\":true,\"editable\":true},\"list\":{\"label\":\"price\",\"searchable\":true,\"sortable\":true}},\"createdAt\":{\"edit\":{\"label\":\"createdAt\",\"description\":\"\",\"placeholder\":\"\",\"visible\":false,\"editable\":true},\"list\":{\"label\":\"createdAt\",\"searchable\":true,\"sortable\":true}},\"updatedAt\":{\"edit\":{\"label\":\"updatedAt\",\"description\":\"\",\"placeholder\":\"\",\"visible\":false,\"editable\":true},\"list\":{\"label\":\"updatedAt\",\"searchable\":true,\"sortable\":true}},\"createdBy\":{\"edit\":{\"label\":\"createdBy\",\"description\":\"\",\"placeholder\":\"\",\"visible\":false,\"editable\":true,\"mainField\":\"firstname\"},\"list\":{\"label\":\"createdBy\",\"searchable\":true,\"sortable\":true}},\"updatedBy\":{\"edit\":{\"label\":\"updatedBy\",\"description\":\"\",\"placeholder\":\"\",\"visible\":false,\"editable\":true,\"mainField\":\"firstname\"},\"list\":{\"label\":\"updatedBy\",\"searchable\":true,\"sortable\":true}}},\"layouts\":{\"list\":[\"id\",\"name\",\"type\",\"abv\"],\"edit\":[[{\"name\":\"name\",\"size\":6},{\"name\":\"type\",\"size\":6}],[{\"name\":\"description\",\"size\":12}],[{\"name\":\"abv\",\"size\":4}],[{\"name\":\"formats\",\"size\":12}],[{\"name\":\"brewery\",\"size\":6},{\"name\":\"stock_movements\",\"size\":6}],[{\"name\":\"connected_kegs\",\"size\":6},{\"name\":\"liters_per_unit\",\"size\":4}],[{\"name\":\"order_items\",\"size\":6},{\"name\":\"price\",\"size\":4}]]},\"uid\":\"api::product.product\"}', 'object', NULL, NULL),
(27, 'plugin_content_manager_configuration_content_types::api::stock-movement.stock-movement', '{\"settings\":{\"bulkable\":true,\"filterable\":true,\"searchable\":true,\"pageSize\":10,\"mainField\":\"id\",\"defaultSortBy\":\"id\",\"defaultSortOrder\":\"ASC\"},\"metadatas\":{\"id\":{\"edit\":{},\"list\":{\"label\":\"id\",\"searchable\":true,\"sortable\":true}},\"type\":{\"edit\":{\"label\":\"type\",\"description\":\"\",\"placeholder\":\"\",\"visible\":true,\"editable\":true},\"list\":{\"label\":\"type\",\"searchable\":true,\"sortable\":true}},\"unit\":{\"edit\":{\"label\":\"unit\",\"description\":\"\",\"placeholder\":\"\",\"visible\":true,\"editable\":true},\"list\":{\"label\":\"unit\",\"searchable\":true,\"sortable\":true}},\"quantity\":{\"edit\":{\"label\":\"quantity\",\"description\":\"\",\"placeholder\":\"\",\"visible\":true,\"editable\":true},\"list\":{\"label\":\"quantity\",\"searchable\":true,\"sortable\":true}},\"note\":{\"edit\":{\"label\":\"note\",\"description\":\"\",\"placeholder\":\"\",\"visible\":true,\"editable\":true},\"list\":{\"label\":\"note\",\"searchable\":true,\"sortable\":true}},\"product\":{\"edit\":{\"label\":\"product\",\"description\":\"\",\"placeholder\":\"\",\"visible\":true,\"editable\":true,\"mainField\":\"name\"},\"list\":{\"label\":\"product\",\"searchable\":true,\"sortable\":true}},\"brewery\":{\"edit\":{\"label\":\"brewery\",\"description\":\"\",\"placeholder\":\"\",\"visible\":true,\"editable\":true,\"mainField\":\"name\"},\"list\":{\"label\":\"brewery\",\"searchable\":true,\"sortable\":true}},\"createdAt\":{\"edit\":{\"label\":\"createdAt\",\"description\":\"\",\"placeholder\":\"\",\"visible\":false,\"editable\":true},\"list\":{\"label\":\"createdAt\",\"searchable\":true,\"sortable\":true}},\"updatedAt\":{\"edit\":{\"label\":\"updatedAt\",\"description\":\"\",\"placeholder\":\"\",\"visible\":false,\"editable\":true},\"list\":{\"label\":\"updatedAt\",\"searchable\":true,\"sortable\":true}},\"createdBy\":{\"edit\":{\"label\":\"createdBy\",\"description\":\"\",\"placeholder\":\"\",\"visible\":false,\"editable\":true,\"mainField\":\"firstname\"},\"list\":{\"label\":\"createdBy\",\"searchable\":true,\"sortable\":true}},\"updatedBy\":{\"edit\":{\"label\":\"updatedBy\",\"description\":\"\",\"placeholder\":\"\",\"visible\":false,\"editable\":true,\"mainField\":\"firstname\"},\"list\":{\"label\":\"updatedBy\",\"searchable\":true,\"sortable\":true}}},\"layouts\":{\"list\":[\"id\",\"type\",\"unit\",\"quantity\"],\"edit\":[[{\"name\":\"type\",\"size\":6},{\"name\":\"unit\",\"size\":6}],[{\"name\":\"quantity\",\"size\":4},{\"name\":\"note\",\"size\":6}],[{\"name\":\"product\",\"size\":6},{\"name\":\"brewery\",\"size\":6}]]},\"uid\":\"api::stock-movement.stock-movement\"}', 'object', NULL, NULL),
(28, 'plugin_content_manager_configuration_content_types::api::connected-keg.connected-keg', '{\"settings\":{\"bulkable\":true,\"filterable\":true,\"searchable\":true,\"pageSize\":10,\"mainField\":\"id\",\"defaultSortBy\":\"id\",\"defaultSortOrder\":\"ASC\"},\"metadatas\":{\"id\":{\"edit\":{},\"list\":{\"label\":\"id\",\"searchable\":true,\"sortable\":true}},\"product\":{\"edit\":{\"label\":\"product\",\"description\":\"\",\"placeholder\":\"\",\"visible\":true,\"editable\":true,\"mainField\":\"name\"},\"list\":{\"label\":\"product\",\"searchable\":true,\"sortable\":true}},\"quantity_total\":{\"edit\":{\"label\":\"quantity_total\",\"description\":\"\",\"placeholder\":\"\",\"visible\":true,\"editable\":true},\"list\":{\"label\":\"quantity_total\",\"searchable\":true,\"sortable\":true}},\"quantity_remaining\":{\"edit\":{\"label\":\"quantity_remaining\",\"description\":\"\",\"placeholder\":\"\",\"visible\":true,\"editable\":true},\"list\":{\"label\":\"quantity_remaining\",\"searchable\":true,\"sortable\":true}},\"date_attached\":{\"edit\":{\"label\":\"date_attached\",\"description\":\"\",\"placeholder\":\"\",\"visible\":true,\"editable\":true},\"list\":{\"label\":\"date_attached\",\"searchable\":true,\"sortable\":true}},\"formats\":{\"edit\":{\"label\":\"formats\",\"description\":\"\",\"placeholder\":\"\",\"visible\":true,\"editable\":true},\"list\":{\"label\":\"formats\",\"searchable\":false,\"sortable\":false}},\"is_active\":{\"edit\":{\"label\":\"is_active\",\"description\":\"\",\"placeholder\":\"\",\"visible\":true,\"editable\":true},\"list\":{\"label\":\"is_active\",\"searchable\":true,\"sortable\":true}},\"brewery\":{\"edit\":{\"label\":\"brewery\",\"description\":\"\",\"placeholder\":\"\",\"visible\":true,\"editable\":true,\"mainField\":\"name\"},\"list\":{\"label\":\"brewery\",\"searchable\":true,\"sortable\":true}},\"tap_number\":{\"edit\":{\"label\":\"tap_number\",\"description\":\"\",\"placeholder\":\"\",\"visible\":true,\"editable\":true},\"list\":{\"label\":\"tap_number\",\"searchable\":true,\"sortable\":true}},\"order_items\":{\"edit\":{\"label\":\"order_items\",\"description\":\"\",\"placeholder\":\"\",\"visible\":true,\"editable\":true,\"mainField\":\"size\"},\"list\":{\"label\":\"order_items\",\"searchable\":false,\"sortable\":false}},\"createdAt\":{\"edit\":{\"label\":\"createdAt\",\"description\":\"\",\"placeholder\":\"\",\"visible\":false,\"editable\":true},\"list\":{\"label\":\"createdAt\",\"searchable\":true,\"sortable\":true}},\"updatedAt\":{\"edit\":{\"label\":\"updatedAt\",\"description\":\"\",\"placeholder\":\"\",\"visible\":false,\"editable\":true},\"list\":{\"label\":\"updatedAt\",\"searchable\":true,\"sortable\":true}},\"createdBy\":{\"edit\":{\"label\":\"createdBy\",\"description\":\"\",\"placeholder\":\"\",\"visible\":false,\"editable\":true,\"mainField\":\"firstname\"},\"list\":{\"label\":\"createdBy\",\"searchable\":true,\"sortable\":true}},\"updatedBy\":{\"edit\":{\"label\":\"updatedBy\",\"description\":\"\",\"placeholder\":\"\",\"visible\":false,\"editable\":true,\"mainField\":\"firstname\"},\"list\":{\"label\":\"updatedBy\",\"searchable\":true,\"sortable\":true}}},\"layouts\":{\"list\":[\"id\",\"product\",\"quantity_total\",\"quantity_remaining\"],\"edit\":[[{\"name\":\"product\",\"size\":6},{\"name\":\"quantity_total\",\"size\":4}],[{\"name\":\"quantity_remaining\",\"size\":4},{\"name\":\"date_attached\",\"size\":6}],[{\"name\":\"formats\",\"size\":12}],[{\"name\":\"is_active\",\"size\":4},{\"name\":\"brewery\",\"size\":6}],[{\"name\":\"tap_number\",\"size\":4},{\"name\":\"order_items\",\"size\":6}]]},\"uid\":\"api::connected-keg.connected-keg\"}', 'object', NULL, NULL),
(29, 'plugin_content_manager_configuration_content_types::api::order.order', '{\"settings\":{\"bulkable\":true,\"filterable\":true,\"searchable\":true,\"pageSize\":10,\"mainField\":\"id\",\"defaultSortBy\":\"id\",\"defaultSortOrder\":\"ASC\"},\"metadatas\":{\"id\":{\"edit\":{},\"list\":{\"label\":\"id\",\"searchable\":true,\"sortable\":true}},\"status\":{\"edit\":{\"label\":\"status\",\"description\":\"\",\"placeholder\":\"\",\"visible\":true,\"editable\":true},\"list\":{\"label\":\"status\",\"searchable\":true,\"sortable\":true}},\"timestamp_apertura\":{\"edit\":{\"label\":\"timestamp_apertura\",\"description\":\"\",\"placeholder\":\"\",\"visible\":true,\"editable\":true},\"list\":{\"label\":\"timestamp_apertura\",\"searchable\":true,\"sortable\":true}},\"timestamp_chiusura\":{\"edit\":{\"label\":\"timestamp_chiusura\",\"description\":\"\",\"placeholder\":\"\",\"visible\":true,\"editable\":true},\"list\":{\"label\":\"timestamp_chiusura\",\"searchable\":true,\"sortable\":true}},\"total\":{\"edit\":{\"label\":\"total\",\"description\":\"\",\"placeholder\":\"\",\"visible\":true,\"editable\":true},\"list\":{\"label\":\"total\",\"searchable\":true,\"sortable\":true}},\"brewery\":{\"edit\":{\"label\":\"brewery\",\"description\":\"\",\"placeholder\":\"\",\"visible\":true,\"editable\":true,\"mainField\":\"name\"},\"list\":{\"label\":\"brewery\",\"searchable\":true,\"sortable\":true}},\"order_items\":{\"edit\":{\"label\":\"order_items\",\"description\":\"\",\"placeholder\":\"\",\"visible\":true,\"editable\":true,\"mainField\":\"size\"},\"list\":{\"label\":\"order_items\",\"searchable\":false,\"sortable\":false}},\"customer_name\":{\"edit\":{\"label\":\"customer_name\",\"description\":\"\",\"placeholder\":\"\",\"visible\":true,\"editable\":true},\"list\":{\"label\":\"customer_name\",\"searchable\":true,\"sortable\":true}},\"payments\":{\"edit\":{\"label\":\"payments\",\"description\":\"\",\"placeholder\":\"\",\"visible\":true,\"editable\":true,\"mainField\":\"id\"},\"list\":{\"label\":\"payments\",\"searchable\":false,\"sortable\":false}},\"createdAt\":{\"edit\":{\"label\":\"createdAt\",\"description\":\"\",\"placeholder\":\"\",\"visible\":false,\"editable\":true},\"list\":{\"label\":\"createdAt\",\"searchable\":true,\"sortable\":true}},\"updatedAt\":{\"edit\":{\"label\":\"updatedAt\",\"description\":\"\",\"placeholder\":\"\",\"visible\":false,\"editable\":true},\"list\":{\"label\":\"updatedAt\",\"searchable\":true,\"sortable\":true}},\"createdBy\":{\"edit\":{\"label\":\"createdBy\",\"description\":\"\",\"placeholder\":\"\",\"visible\":false,\"editable\":true,\"mainField\":\"firstname\"},\"list\":{\"label\":\"createdBy\",\"searchable\":true,\"sortable\":true}},\"updatedBy\":{\"edit\":{\"label\":\"updatedBy\",\"description\":\"\",\"placeholder\":\"\",\"visible\":false,\"editable\":true,\"mainField\":\"firstname\"},\"list\":{\"label\":\"updatedBy\",\"searchable\":true,\"sortable\":true}}},\"layouts\":{\"list\":[\"id\",\"status\",\"timestamp_apertura\",\"timestamp_chiusura\"],\"edit\":[[{\"name\":\"status\",\"size\":6},{\"name\":\"timestamp_apertura\",\"size\":6}],[{\"name\":\"timestamp_chiusura\",\"size\":6},{\"name\":\"total\",\"size\":4}],[{\"name\":\"brewery\",\"size\":6},{\"name\":\"order_items\",\"size\":6}],[{\"name\":\"customer_name\",\"size\":6},{\"name\":\"payments\",\"size\":6}]]},\"uid\":\"api::order.order\"}', 'object', NULL, NULL),
(30, 'plugin_content_manager_configuration_content_types::api::order-item.order-item', '{\"settings\":{\"bulkable\":true,\"filterable\":true,\"searchable\":true,\"pageSize\":10,\"mainField\":\"size\",\"defaultSortBy\":\"size\",\"defaultSortOrder\":\"ASC\"},\"metadatas\":{\"id\":{\"edit\":{},\"list\":{\"label\":\"id\",\"searchable\":true,\"sortable\":true}},\"order\":{\"edit\":{\"label\":\"order\",\"description\":\"\",\"placeholder\":\"\",\"visible\":true,\"editable\":true,\"mainField\":\"id\"},\"list\":{\"label\":\"order\",\"searchable\":true,\"sortable\":true}},\"product\":{\"edit\":{\"label\":\"product\",\"description\":\"\",\"placeholder\":\"\",\"visible\":true,\"editable\":true,\"mainField\":\"name\"},\"list\":{\"label\":\"product\",\"searchable\":true,\"sortable\":true}},\"connected_keg\":{\"edit\":{\"label\":\"connected_keg\",\"description\":\"\",\"placeholder\":\"\",\"visible\":true,\"editable\":true,\"mainField\":\"id\"},\"list\":{\"label\":\"connected_keg\",\"searchable\":true,\"sortable\":true}},\"size\":{\"edit\":{\"label\":\"size\",\"description\":\"\",\"placeholder\":\"\",\"visible\":true,\"editable\":true},\"list\":{\"label\":\"size\",\"searchable\":true,\"sortable\":true}},\"quantity\":{\"edit\":{\"label\":\"quantity\",\"description\":\"\",\"placeholder\":\"\",\"visible\":true,\"editable\":true},\"list\":{\"label\":\"quantity\",\"searchable\":true,\"sortable\":true}},\"unit_price\":{\"edit\":{\"label\":\"unit_price\",\"description\":\"\",\"placeholder\":\"\",\"visible\":true,\"editable\":true},\"list\":{\"label\":\"unit_price\",\"searchable\":true,\"sortable\":true}},\"total_price\":{\"edit\":{\"label\":\"total_price\",\"description\":\"\",\"placeholder\":\"\",\"visible\":true,\"editable\":true},\"list\":{\"label\":\"total_price\",\"searchable\":true,\"sortable\":true}},\"createdAt\":{\"edit\":{\"label\":\"createdAt\",\"description\":\"\",\"placeholder\":\"\",\"visible\":false,\"editable\":true},\"list\":{\"label\":\"createdAt\",\"searchable\":true,\"sortable\":true}},\"updatedAt\":{\"edit\":{\"label\":\"updatedAt\",\"description\":\"\",\"placeholder\":\"\",\"visible\":false,\"editable\":true},\"list\":{\"label\":\"updatedAt\",\"searchable\":true,\"sortable\":true}},\"createdBy\":{\"edit\":{\"label\":\"createdBy\",\"description\":\"\",\"placeholder\":\"\",\"visible\":false,\"editable\":true,\"mainField\":\"firstname\"},\"list\":{\"label\":\"createdBy\",\"searchable\":true,\"sortable\":true}},\"updatedBy\":{\"edit\":{\"label\":\"updatedBy\",\"description\":\"\",\"placeholder\":\"\",\"visible\":false,\"editable\":true,\"mainField\":\"firstname\"},\"list\":{\"label\":\"updatedBy\",\"searchable\":true,\"sortable\":true}}},\"layouts\":{\"list\":[\"id\",\"order\",\"product\",\"connected_keg\"],\"edit\":[[{\"name\":\"order\",\"size\":6},{\"name\":\"product\",\"size\":6}],[{\"name\":\"connected_keg\",\"size\":6},{\"name\":\"size\",\"size\":6}],[{\"name\":\"quantity\",\"size\":4},{\"name\":\"unit_price\",\"size\":4},{\"name\":\"total_price\",\"size\":4}]]},\"uid\":\"api::order-item.order-item\"}', 'object', NULL, NULL),
(31, 'plugin_content_manager_configuration_content_types::api::payment.payment', '{\"settings\":{\"bulkable\":true,\"filterable\":true,\"searchable\":true,\"pageSize\":10,\"mainField\":\"id\",\"defaultSortBy\":\"id\",\"defaultSortOrder\":\"ASC\"},\"metadatas\":{\"id\":{\"edit\":{},\"list\":{\"label\":\"id\",\"searchable\":true,\"sortable\":true}},\"order\":{\"edit\":{\"label\":\"order\",\"description\":\"\",\"placeholder\":\"\",\"visible\":true,\"editable\":true,\"mainField\":\"customer_name\"},\"list\":{\"label\":\"order\",\"searchable\":true,\"sortable\":true}},\"method\":{\"edit\":{\"label\":\"method\",\"description\":\"\",\"placeholder\":\"\",\"visible\":true,\"editable\":true},\"list\":{\"label\":\"method\",\"searchable\":true,\"sortable\":true}},\"amount_cents\":{\"edit\":{\"label\":\"amount_cents\",\"description\":\"\",\"placeholder\":\"\",\"visible\":true,\"editable\":true},\"list\":{\"label\":\"amount_cents\",\"searchable\":true,\"sortable\":true}},\"status\":{\"edit\":{\"label\":\"status\",\"description\":\"\",\"placeholder\":\"\",\"visible\":true,\"editable\":true},\"list\":{\"label\":\"status\",\"searchable\":true,\"sortable\":true}},\"meta\":{\"edit\":{\"label\":\"meta\",\"description\":\"\",\"placeholder\":\"\",\"visible\":true,\"editable\":true},\"list\":{\"label\":\"meta\",\"searchable\":false,\"sortable\":false}},\"allocations\":{\"edit\":{\"label\":\"allocations\",\"description\":\"\",\"placeholder\":\"\",\"visible\":true,\"editable\":true},\"list\":{\"label\":\"allocations\",\"searchable\":false,\"sortable\":false}},\"createdAt\":{\"edit\":{\"label\":\"createdAt\",\"description\":\"\",\"placeholder\":\"\",\"visible\":false,\"editable\":true},\"list\":{\"label\":\"createdAt\",\"searchable\":true,\"sortable\":true}},\"updatedAt\":{\"edit\":{\"label\":\"updatedAt\",\"description\":\"\",\"placeholder\":\"\",\"visible\":false,\"editable\":true},\"list\":{\"label\":\"updatedAt\",\"searchable\":true,\"sortable\":true}},\"createdBy\":{\"edit\":{\"label\":\"createdBy\",\"description\":\"\",\"placeholder\":\"\",\"visible\":false,\"editable\":true,\"mainField\":\"firstname\"},\"list\":{\"label\":\"createdBy\",\"searchable\":true,\"sortable\":true}},\"updatedBy\":{\"edit\":{\"label\":\"updatedBy\",\"description\":\"\",\"placeholder\":\"\",\"visible\":false,\"editable\":true,\"mainField\":\"firstname\"},\"list\":{\"label\":\"updatedBy\",\"searchable\":true,\"sortable\":true}}},\"layouts\":{\"list\":[\"id\",\"order\",\"method\",\"amount_cents\"],\"edit\":[[{\"name\":\"order\",\"size\":6},{\"name\":\"method\",\"size\":6}],[{\"name\":\"amount_cents\",\"size\":4},{\"name\":\"status\",\"size\":6}],[{\"name\":\"meta\",\"size\":12}],[{\"name\":\"allocations\",\"size\":12}]]},\"uid\":\"api::payment.payment\"}', 'object', NULL, NULL),
(33, 'plugin_content_manager_configuration_components::payment.allocation', '{\"settings\":{\"bulkable\":true,\"filterable\":true,\"searchable\":true,\"pageSize\":10,\"mainField\":\"id\",\"defaultSortBy\":\"id\",\"defaultSortOrder\":\"ASC\"},\"metadatas\":{\"id\":{\"edit\":{},\"list\":{\"label\":\"id\",\"searchable\":true,\"sortable\":true}},\"order_item\":{\"edit\":{\"label\":\"order_item\",\"description\":\"\",\"placeholder\":\"\",\"visible\":true,\"editable\":true,\"mainField\":\"id\"},\"list\":{\"label\":\"order_item\",\"searchable\":true,\"sortable\":true}},\"units\":{\"edit\":{\"label\":\"units\",\"description\":\"\",\"placeholder\":\"\",\"visible\":true,\"editable\":true},\"list\":{\"label\":\"units\",\"searchable\":true,\"sortable\":true}},\"amount_cents\":{\"edit\":{\"label\":\"amount_cents\",\"description\":\"\",\"placeholder\":\"\",\"visible\":true,\"editable\":true},\"list\":{\"label\":\"amount_cents\",\"searchable\":true,\"sortable\":true}}},\"layouts\":{\"list\":[\"id\",\"order_item\",\"units\",\"amount_cents\"],\"edit\":[[{\"name\":\"order_item\",\"size\":6},{\"name\":\"units\",\"size\":4}],[{\"name\":\"amount_cents\",\"size\":4}]]},\"uid\":\"payment.allocation\",\"isComponent\":true}', 'object', NULL, NULL);

-- --------------------------------------------------------

--
-- Struttura della tabella `strapi_database_schema`
--

CREATE TABLE `strapi_database_schema` (
  `id` int(10) UNSIGNED NOT NULL,
  `schema` longtext CHARACTER SET utf8mb4 COLLATE utf8mb4_bin DEFAULT NULL CHECK (json_valid(`schema`)),
  `time` datetime DEFAULT NULL,
  `hash` varchar(255) DEFAULT NULL
) ENGINE=InnoDB DEFAULT CHARSET=utf8;

--
-- Dump dei dati per la tabella `strapi_database_schema`
--

INSERT INTO `strapi_database_schema` (`id`, `schema`, `time`, `hash`) VALUES
(24, '{\"tables\":[{\"name\":\"strapi_core_store_settings\",\"indexes\":[],\"foreignKeys\":[],\"columns\":[{\"name\":\"id\",\"type\":\"increments\",\"args\":[{\"primary\":true,\"primaryKey\":true}],\"defaultTo\":null,\"notNullable\":true,\"unsigned\":false},{\"name\":\"key\",\"type\":\"string\",\"args\":[],\"defaultTo\":null,\"notNullable\":false,\"unsigned\":false},{\"name\":\"value\",\"type\":\"text\",\"args\":[\"longtext\"],\"defaultTo\":null,\"notNullable\":false,\"unsigned\":false},{\"name\":\"type\",\"type\":\"string\",\"args\":[],\"defaultTo\":null,\"notNullable\":false,\"unsigned\":false},{\"name\":\"environment\",\"type\":\"string\",\"args\":[],\"defaultTo\":null,\"notNullable\":false,\"unsigned\":false},{\"name\":\"tag\",\"type\":\"string\",\"args\":[],\"defaultTo\":null,\"notNullable\":false,\"unsigned\":false}]},{\"name\":\"strapi_webhooks\",\"indexes\":[],\"foreignKeys\":[],\"columns\":[{\"name\":\"id\",\"type\":\"increments\",\"args\":[{\"primary\":true,\"primaryKey\":true}],\"defaultTo\":null,\"notNullable\":true,\"unsigned\":false},{\"name\":\"name\",\"type\":\"string\",\"args\":[],\"defaultTo\":null,\"notNullable\":false,\"unsigned\":false},{\"name\":\"url\",\"type\":\"text\",\"args\":[\"longtext\"],\"defaultTo\":null,\"notNullable\":false,\"unsigned\":false},{\"name\":\"headers\",\"type\":\"jsonb\",\"args\":[],\"defaultTo\":null,\"notNullable\":false,\"unsigned\":false},{\"name\":\"events\",\"type\":\"jsonb\",\"args\":[],\"defaultTo\":null,\"notNullable\":false,\"unsigned\":false},{\"name\":\"enabled\",\"type\":\"boolean\",\"args\":[],\"defaultTo\":null,\"notNullable\":false,\"unsigned\":false}]},{\"name\":\"admin_permissions\",\"indexes\":[{\"name\":\"admin_permissions_created_by_id_fk\",\"columns\":[\"created_by_id\"]},{\"name\":\"admin_permissions_updated_by_id_fk\",\"columns\":[\"updated_by_id\"]}],\"foreignKeys\":[{\"name\":\"admin_permissions_created_by_id_fk\",\"columns\":[\"created_by_id\"],\"referencedTable\":\"admin_users\",\"referencedColumns\":[\"id\"],\"onDelete\":\"SET NULL\"},{\"name\":\"admin_permissions_updated_by_id_fk\",\"columns\":[\"updated_by_id\"],\"referencedTable\":\"admin_users\",\"referencedColumns\":[\"id\"],\"onDelete\":\"SET NULL\"}],\"columns\":[{\"name\":\"id\",\"type\":\"increments\",\"args\":[{\"primary\":true,\"primaryKey\":true}],\"defaultTo\":null,\"notNullable\":true,\"unsigned\":false},{\"name\":\"action\",\"type\":\"string\",\"args\":[],\"defaultTo\":null,\"notNullable\":false,\"unsigned\":false},{\"name\":\"action_parameters\",\"type\":\"jsonb\",\"args\":[],\"defaultTo\":null,\"notNullable\":false,\"unsigned\":false},{\"name\":\"subject\",\"type\":\"string\",\"args\":[],\"defaultTo\":null,\"notNullable\":false,\"unsigned\":false},{\"name\":\"properties\",\"type\":\"jsonb\",\"args\":[],\"defaultTo\":null,\"notNullable\":false,\"unsigned\":false},{\"name\":\"conditions\",\"type\":\"jsonb\",\"args\":[],\"defaultTo\":null,\"notNullable\":false,\"unsigned\":false},{\"name\":\"created_at\",\"type\":\"datetime\",\"args\":[{\"useTz\":false,\"precision\":6}],\"defaultTo\":null,\"notNullable\":false,\"unsigned\":false},{\"name\":\"updated_at\",\"type\":\"datetime\",\"args\":[{\"useTz\":false,\"precision\":6}],\"defaultTo\":null,\"notNullable\":false,\"unsigned\":false},{\"name\":\"created_by_id\",\"type\":\"integer\",\"args\":[],\"defaultTo\":null,\"notNullable\":false,\"unsigned\":true},{\"name\":\"updated_by_id\",\"type\":\"integer\",\"args\":[],\"defaultTo\":null,\"notNullable\":false,\"unsigned\":true}]},{\"name\":\"admin_users\",\"indexes\":[{\"name\":\"admin_users_created_by_id_fk\",\"columns\":[\"created_by_id\"]},{\"name\":\"admin_users_updated_by_id_fk\",\"columns\":[\"updated_by_id\"]}],\"foreignKeys\":[{\"name\":\"admin_users_created_by_id_fk\",\"columns\":[\"created_by_id\"],\"referencedTable\":\"admin_users\",\"referencedColumns\":[\"id\"],\"onDelete\":\"SET NULL\"},{\"name\":\"admin_users_updated_by_id_fk\",\"columns\":[\"updated_by_id\"],\"referencedTable\":\"admin_users\",\"referencedColumns\":[\"id\"],\"onDelete\":\"SET NULL\"}],\"columns\":[{\"name\":\"id\",\"type\":\"increments\",\"args\":[{\"primary\":true,\"primaryKey\":true}],\"defaultTo\":null,\"notNullable\":true,\"unsigned\":false},{\"name\":\"firstname\",\"type\":\"string\",\"args\":[],\"defaultTo\":null,\"notNullable\":false,\"unsigned\":false},{\"name\":\"lastname\",\"type\":\"string\",\"args\":[],\"defaultTo\":null,\"notNullable\":false,\"unsigned\":false},{\"name\":\"username\",\"type\":\"string\",\"args\":[],\"defaultTo\":null,\"notNullable\":false,\"unsigned\":false},{\"name\":\"email\",\"type\":\"string\",\"args\":[],\"defaultTo\":null,\"notNullable\":false,\"unsigned\":false},{\"name\":\"password\",\"type\":\"string\",\"args\":[],\"defaultTo\":null,\"notNullable\":false,\"unsigned\":false},{\"name\":\"reset_password_token\",\"type\":\"string\",\"args\":[],\"defaultTo\":null,\"notNullable\":false,\"unsigned\":false},{\"name\":\"registration_token\",\"type\":\"string\",\"args\":[],\"defaultTo\":null,\"notNullable\":false,\"unsigned\":false},{\"name\":\"is_active\",\"type\":\"boolean\",\"args\":[],\"defaultTo\":null,\"notNullable\":false,\"unsigned\":false},{\"name\":\"blocked\",\"type\":\"boolean\",\"args\":[],\"defaultTo\":null,\"notNullable\":false,\"unsigned\":false},{\"name\":\"prefered_language\",\"type\":\"string\",\"args\":[],\"defaultTo\":null,\"notNullable\":false,\"unsigned\":false},{\"name\":\"created_at\",\"type\":\"datetime\",\"args\":[{\"useTz\":false,\"precision\":6}],\"defaultTo\":null,\"notNullable\":false,\"unsigned\":false},{\"name\":\"updated_at\",\"type\":\"datetime\",\"args\":[{\"useTz\":false,\"precision\":6}],\"defaultTo\":null,\"notNullable\":false,\"unsigned\":false},{\"name\":\"created_by_id\",\"type\":\"integer\",\"args\":[],\"defaultTo\":null,\"notNullable\":false,\"unsigned\":true},{\"name\":\"updated_by_id\",\"type\":\"integer\",\"args\":[],\"defaultTo\":null,\"notNullable\":false,\"unsigned\":true}]},{\"name\":\"admin_roles\",\"indexes\":[{\"name\":\"admin_roles_created_by_id_fk\",\"columns\":[\"created_by_id\"]},{\"name\":\"admin_roles_updated_by_id_fk\",\"columns\":[\"updated_by_id\"]}],\"foreignKeys\":[{\"name\":\"admin_roles_created_by_id_fk\",\"columns\":[\"created_by_id\"],\"referencedTable\":\"admin_users\",\"referencedColumns\":[\"id\"],\"onDelete\":\"SET NULL\"},{\"name\":\"admin_roles_updated_by_id_fk\",\"columns\":[\"updated_by_id\"],\"referencedTable\":\"admin_users\",\"referencedColumns\":[\"id\"],\"onDelete\":\"SET NULL\"}],\"columns\":[{\"name\":\"id\",\"type\":\"increments\",\"args\":[{\"primary\":true,\"primaryKey\":true}],\"defaultTo\":null,\"notNullable\":true,\"unsigned\":false},{\"name\":\"name\",\"type\":\"string\",\"args\":[],\"defaultTo\":null,\"notNullable\":false,\"unsigned\":false},{\"name\":\"code\",\"type\":\"string\",\"args\":[],\"defaultTo\":null,\"notNullable\":false,\"unsigned\":false},{\"name\":\"description\",\"type\":\"string\",\"args\":[],\"defaultTo\":null,\"notNullable\":false,\"unsigned\":false},{\"name\":\"created_at\",\"type\":\"datetime\",\"args\":[{\"useTz\":false,\"precision\":6}],\"defaultTo\":null,\"notNullable\":false,\"unsigned\":false},{\"name\":\"updated_at\",\"type\":\"datetime\",\"args\":[{\"useTz\":false,\"precision\":6}],\"defaultTo\":null,\"notNullable\":false,\"unsigned\":false},{\"name\":\"created_by_id\",\"type\":\"integer\",\"args\":[],\"defaultTo\":null,\"notNullable\":false,\"unsigned\":true},{\"name\":\"updated_by_id\",\"type\":\"integer\",\"args\":[],\"defaultTo\":null,\"notNullable\":false,\"unsigned\":true}]},{\"name\":\"strapi_api_tokens\",\"indexes\":[{\"name\":\"strapi_api_tokens_created_by_id_fk\",\"columns\":[\"created_by_id\"]},{\"name\":\"strapi_api_tokens_updated_by_id_fk\",\"columns\":[\"updated_by_id\"]}],\"foreignKeys\":[{\"name\":\"strapi_api_tokens_created_by_id_fk\",\"columns\":[\"created_by_id\"],\"referencedTable\":\"admin_users\",\"referencedColumns\":[\"id\"],\"onDelete\":\"SET NULL\"},{\"name\":\"strapi_api_tokens_updated_by_id_fk\",\"columns\":[\"updated_by_id\"],\"referencedTable\":\"admin_users\",\"referencedColumns\":[\"id\"],\"onDelete\":\"SET NULL\"}],\"columns\":[{\"name\":\"id\",\"type\":\"increments\",\"args\":[{\"primary\":true,\"primaryKey\":true}],\"defaultTo\":null,\"notNullable\":true,\"unsigned\":false},{\"name\":\"name\",\"type\":\"string\",\"args\":[],\"defaultTo\":null,\"notNullable\":false,\"unsigned\":false},{\"name\":\"description\",\"type\":\"string\",\"args\":[],\"defaultTo\":null,\"notNullable\":false,\"unsigned\":false},{\"name\":\"type\",\"type\":\"string\",\"args\":[],\"defaultTo\":null,\"notNullable\":false,\"unsigned\":false},{\"name\":\"access_key\",\"type\":\"string\",\"args\":[],\"defaultTo\":null,\"notNullable\":false,\"unsigned\":false},{\"name\":\"last_used_at\",\"type\":\"datetime\",\"args\":[{\"useTz\":false,\"precision\":6}],\"defaultTo\":null,\"notNullable\":false,\"unsigned\":false},{\"name\":\"expires_at\",\"type\":\"datetime\",\"args\":[{\"useTz\":false,\"precision\":6}],\"defaultTo\":null,\"notNullable\":false,\"unsigned\":false},{\"name\":\"lifespan\",\"type\":\"bigInteger\",\"args\":[],\"defaultTo\":null,\"notNullable\":false,\"unsigned\":false},{\"name\":\"created_at\",\"type\":\"datetime\",\"args\":[{\"useTz\":false,\"precision\":6}],\"defaultTo\":null,\"notNullable\":false,\"unsigned\":false},{\"name\":\"updated_at\",\"type\":\"datetime\",\"args\":[{\"useTz\":false,\"precision\":6}],\"defaultTo\":null,\"notNullable\":false,\"unsigned\":false},{\"name\":\"created_by_id\",\"type\":\"integer\",\"args\":[],\"defaultTo\":null,\"notNullable\":false,\"unsigned\":true},{\"name\":\"updated_by_id\",\"type\":\"integer\",\"args\":[],\"defaultTo\":null,\"notNullable\":false,\"unsigned\":true}]},{\"name\":\"strapi_api_token_permissions\",\"indexes\":[{\"name\":\"strapi_api_token_permissions_created_by_id_fk\",\"columns\":[\"created_by_id\"]},{\"name\":\"strapi_api_token_permissions_updated_by_id_fk\",\"columns\":[\"updated_by_id\"]}],\"foreignKeys\":[{\"name\":\"strapi_api_token_permissions_created_by_id_fk\",\"columns\":[\"created_by_id\"],\"referencedTable\":\"admin_users\",\"referencedColumns\":[\"id\"],\"onDelete\":\"SET NULL\"},{\"name\":\"strapi_api_token_permissions_updated_by_id_fk\",\"columns\":[\"updated_by_id\"],\"referencedTable\":\"admin_users\",\"referencedColumns\":[\"id\"],\"onDelete\":\"SET NULL\"}],\"columns\":[{\"name\":\"id\",\"type\":\"increments\",\"args\":[{\"primary\":true,\"primaryKey\":true}],\"defaultTo\":null,\"notNullable\":true,\"unsigned\":false},{\"name\":\"action\",\"type\":\"string\",\"args\":[],\"defaultTo\":null,\"notNullable\":false,\"unsigned\":false},{\"name\":\"created_at\",\"type\":\"datetime\",\"args\":[{\"useTz\":false,\"precision\":6}],\"defaultTo\":null,\"notNullable\":false,\"unsigned\":false},{\"name\":\"updated_at\",\"type\":\"datetime\",\"args\":[{\"useTz\":false,\"precision\":6}],\"defaultTo\":null,\"notNullable\":false,\"unsigned\":false},{\"name\":\"created_by_id\",\"type\":\"integer\",\"args\":[],\"defaultTo\":null,\"notNullable\":false,\"unsigned\":true},{\"name\":\"updated_by_id\",\"type\":\"integer\",\"args\":[],\"defaultTo\":null,\"notNullable\":false,\"unsigned\":true}]},{\"name\":\"strapi_transfer_tokens\",\"indexes\":[{\"name\":\"strapi_transfer_tokens_created_by_id_fk\",\"columns\":[\"created_by_id\"]},{\"name\":\"strapi_transfer_tokens_updated_by_id_fk\",\"columns\":[\"updated_by_id\"]}],\"foreignKeys\":[{\"name\":\"strapi_transfer_tokens_created_by_id_fk\",\"columns\":[\"created_by_id\"],\"referencedTable\":\"admin_users\",\"referencedColumns\":[\"id\"],\"onDelete\":\"SET NULL\"},{\"name\":\"strapi_transfer_tokens_updated_by_id_fk\",\"columns\":[\"updated_by_id\"],\"referencedTable\":\"admin_users\",\"referencedColumns\":[\"id\"],\"onDelete\":\"SET NULL\"}],\"columns\":[{\"name\":\"id\",\"type\":\"increments\",\"args\":[{\"primary\":true,\"primaryKey\":true}],\"defaultTo\":null,\"notNullable\":true,\"unsigned\":false},{\"name\":\"name\",\"type\":\"string\",\"args\":[],\"defaultTo\":null,\"notNullable\":false,\"unsigned\":false},{\"name\":\"description\",\"type\":\"string\",\"args\":[],\"defaultTo\":null,\"notNullable\":false,\"unsigned\":false},{\"name\":\"access_key\",\"type\":\"string\",\"args\":[],\"defaultTo\":null,\"notNullable\":false,\"unsigned\":false},{\"name\":\"last_used_at\",\"type\":\"datetime\",\"args\":[{\"useTz\":false,\"precision\":6}],\"defaultTo\":null,\"notNullable\":false,\"unsigned\":false},{\"name\":\"expires_at\",\"type\":\"datetime\",\"args\":[{\"useTz\":false,\"precision\":6}],\"defaultTo\":null,\"notNullable\":false,\"unsigned\":false},{\"name\":\"lifespan\",\"type\":\"bigInteger\",\"args\":[],\"defaultTo\":null,\"notNullable\":false,\"unsigned\":false},{\"name\":\"created_at\",\"type\":\"datetime\",\"args\":[{\"useTz\":false,\"precision\":6}],\"defaultTo\":null,\"notNullable\":false,\"unsigned\":false},{\"name\":\"updated_at\",\"type\":\"datetime\",\"args\":[{\"useTz\":false,\"precision\":6}],\"defaultTo\":null,\"notNullable\":false,\"unsigned\":false},{\"name\":\"created_by_id\",\"type\":\"integer\",\"args\":[],\"defaultTo\":null,\"notNullable\":false,\"unsigned\":true},{\"name\":\"updated_by_id\",\"type\":\"integer\",\"args\":[],\"defaultTo\":null,\"notNullable\":false,\"unsigned\":true}]},{\"name\":\"strapi_transfer_token_permissions\",\"indexes\":[{\"name\":\"strapi_transfer_token_permissions_created_by_id_fk\",\"columns\":[\"created_by_id\"]},{\"name\":\"strapi_transfer_token_permissions_updated_by_id_fk\",\"columns\":[\"updated_by_id\"]}],\"foreignKeys\":[{\"name\":\"strapi_transfer_token_permissions_created_by_id_fk\",\"columns\":[\"created_by_id\"],\"referencedTable\":\"admin_users\",\"referencedColumns\":[\"id\"],\"onDelete\":\"SET NULL\"},{\"name\":\"strapi_transfer_token_permissions_updated_by_id_fk\",\"columns\":[\"updated_by_id\"],\"referencedTable\":\"admin_users\",\"referencedColumns\":[\"id\"],\"onDelete\":\"SET NULL\"}],\"columns\":[{\"name\":\"id\",\"type\":\"increments\",\"args\":[{\"primary\":true,\"primaryKey\":true}],\"defaultTo\":null,\"notNullable\":true,\"unsigned\":false},{\"name\":\"action\",\"type\":\"string\",\"args\":[],\"defaultTo\":null,\"notNullable\":false,\"unsigned\":false},{\"name\":\"created_at\",\"type\":\"datetime\",\"args\":[{\"useTz\":false,\"precision\":6}],\"defaultTo\":null,\"notNullable\":false,\"unsigned\":false},{\"name\":\"updated_at\",\"type\":\"datetime\",\"args\":[{\"useTz\":false,\"precision\":6}],\"defaultTo\":null,\"notNullable\":false,\"unsigned\":false},{\"name\":\"created_by_id\",\"type\":\"integer\",\"args\":[],\"defaultTo\":null,\"notNullable\":false,\"unsigned\":true},{\"name\":\"updated_by_id\",\"type\":\"integer\",\"args\":[],\"defaultTo\":null,\"notNullable\":false,\"unsigned\":true}]},{\"name\":\"files\",\"indexes\":[{\"name\":\"upload_files_folder_path_index\",\"columns\":[\"folder_path\"],\"type\":null},{\"name\":\"upload_files_created_at_index\",\"columns\":[\"created_at\"],\"type\":null},{\"name\":\"upload_files_updated_at_index\",\"columns\":[\"updated_at\"],\"type\":null},{\"name\":\"upload_files_name_index\",\"columns\":[\"name\"],\"type\":null},{\"name\":\"upload_files_size_index\",\"columns\":[\"size\"],\"type\":null},{\"name\":\"upload_files_ext_index\",\"columns\":[\"ext\"],\"type\":null},{\"name\":\"files_created_by_id_fk\",\"columns\":[\"created_by_id\"]},{\"name\":\"files_updated_by_id_fk\",\"columns\":[\"updated_by_id\"]}],\"foreignKeys\":[{\"name\":\"files_created_by_id_fk\",\"columns\":[\"created_by_id\"],\"referencedTable\":\"admin_users\",\"referencedColumns\":[\"id\"],\"onDelete\":\"SET NULL\"},{\"name\":\"files_updated_by_id_fk\",\"columns\":[\"updated_by_id\"],\"referencedTable\":\"admin_users\",\"referencedColumns\":[\"id\"],\"onDelete\":\"SET NULL\"}],\"columns\":[{\"name\":\"id\",\"type\":\"increments\",\"args\":[{\"primary\":true,\"primaryKey\":true}],\"defaultTo\":null,\"notNullable\":true,\"unsigned\":false},{\"name\":\"name\",\"type\":\"string\",\"args\":[],\"defaultTo\":null,\"notNullable\":false,\"unsigned\":false},{\"name\":\"alternative_text\",\"type\":\"string\",\"args\":[],\"defaultTo\":null,\"notNullable\":false,\"unsigned\":false},{\"name\":\"caption\",\"type\":\"string\",\"args\":[],\"defaultTo\":null,\"notNullable\":false,\"unsigned\":false},{\"name\":\"width\",\"type\":\"integer\",\"args\":[],\"defaultTo\":null,\"notNullable\":false,\"unsigned\":false},{\"name\":\"height\",\"type\":\"integer\",\"args\":[],\"defaultTo\":null,\"notNullable\":false,\"unsigned\":false},{\"name\":\"formats\",\"type\":\"jsonb\",\"args\":[],\"defaultTo\":null,\"notNullable\":false,\"unsigned\":false},{\"name\":\"hash\",\"type\":\"string\",\"args\":[],\"defaultTo\":null,\"notNullable\":false,\"unsigned\":false},{\"name\":\"ext\",\"type\":\"string\",\"args\":[],\"defaultTo\":null,\"notNullable\":false,\"unsigned\":false},{\"name\":\"mime\",\"type\":\"string\",\"args\":[],\"defaultTo\":null,\"notNullable\":false,\"unsigned\":false},{\"name\":\"size\",\"type\":\"decimal\",\"args\":[10,2],\"defaultTo\":null,\"notNullable\":false,\"unsigned\":false},{\"name\":\"url\",\"type\":\"string\",\"args\":[],\"defaultTo\":null,\"notNullable\":false,\"unsigned\":false},{\"name\":\"preview_url\",\"type\":\"string\",\"args\":[],\"defaultTo\":null,\"notNullable\":false,\"unsigned\":false},{\"name\":\"provider\",\"type\":\"string\",\"args\":[],\"defaultTo\":null,\"notNullable\":false,\"unsigned\":false},{\"name\":\"provider_metadata\",\"type\":\"jsonb\",\"args\":[],\"defaultTo\":null,\"notNullable\":false,\"unsigned\":false},{\"name\":\"folder_path\",\"type\":\"string\",\"args\":[],\"defaultTo\":null,\"notNullable\":false,\"unsigned\":false},{\"name\":\"created_at\",\"type\":\"datetime\",\"args\":[{\"useTz\":false,\"precision\":6}],\"defaultTo\":null,\"notNullable\":false,\"unsigned\":false},{\"name\":\"updated_at\",\"type\":\"datetime\",\"args\":[{\"useTz\":false,\"precision\":6}],\"defaultTo\":null,\"notNullable\":false,\"unsigned\":false},{\"name\":\"created_by_id\",\"type\":\"integer\",\"args\":[],\"defaultTo\":null,\"notNullable\":false,\"unsigned\":true},{\"name\":\"updated_by_id\",\"type\":\"integer\",\"args\":[],\"defaultTo\":null,\"notNullable\":false,\"unsigned\":true}]},{\"name\":\"upload_folders\",\"indexes\":[{\"name\":\"upload_folders_path_id_index\",\"columns\":[\"path_id\"],\"type\":\"unique\"},{\"name\":\"upload_folders_path_index\",\"columns\":[\"path\"],\"type\":\"unique\"},{\"name\":\"upload_folders_created_by_id_fk\",\"columns\":[\"created_by_id\"]},{\"name\":\"upload_folders_updated_by_id_fk\",\"columns\":[\"updated_by_id\"]}],\"foreignKeys\":[{\"name\":\"upload_folders_created_by_id_fk\",\"columns\":[\"created_by_id\"],\"referencedTable\":\"admin_users\",\"referencedColumns\":[\"id\"],\"onDelete\":\"SET NULL\"},{\"name\":\"upload_folders_updated_by_id_fk\",\"columns\":[\"updated_by_id\"],\"referencedTable\":\"admin_users\",\"referencedColumns\":[\"id\"],\"onDelete\":\"SET NULL\"}],\"columns\":[{\"name\":\"id\",\"type\":\"increments\",\"args\":[{\"primary\":true,\"primaryKey\":true}],\"defaultTo\":null,\"notNullable\":true,\"unsigned\":false},{\"name\":\"name\",\"type\":\"string\",\"args\":[],\"defaultTo\":null,\"notNullable\":false,\"unsigned\":false},{\"name\":\"path_id\",\"type\":\"integer\",\"args\":[],\"defaultTo\":null,\"notNullable\":false,\"unsigned\":false},{\"name\":\"path\",\"type\":\"string\",\"args\":[],\"defaultTo\":null,\"notNullable\":false,\"unsigned\":false},{\"name\":\"created_at\",\"type\":\"datetime\",\"args\":[{\"useTz\":false,\"precision\":6}],\"defaultTo\":null,\"notNullable\":false,\"unsigned\":false},{\"name\":\"updated_at\",\"type\":\"datetime\",\"args\":[{\"useTz\":false,\"precision\":6}],\"defaultTo\":null,\"notNullable\":false,\"unsigned\":false},{\"name\":\"created_by_id\",\"type\":\"integer\",\"args\":[],\"defaultTo\":null,\"notNullable\":false,\"unsigned\":true},{\"name\":\"updated_by_id\",\"type\":\"integer\",\"args\":[],\"defaultTo\":null,\"notNullable\":false,\"unsigned\":true}]},{\"name\":\"strapi_releases\",\"indexes\":[{\"name\":\"strapi_releases_created_by_id_fk\",\"columns\":[\"created_by_id\"]},{\"name\":\"strapi_releases_updated_by_id_fk\",\"columns\":[\"updated_by_id\"]}],\"foreignKeys\":[{\"name\":\"strapi_releases_created_by_id_fk\",\"columns\":[\"created_by_id\"],\"referencedTable\":\"admin_users\",\"referencedColumns\":[\"id\"],\"onDelete\":\"SET NULL\"},{\"name\":\"strapi_releases_updated_by_id_fk\",\"columns\":[\"updated_by_id\"],\"referencedTable\":\"admin_users\",\"referencedColumns\":[\"id\"],\"onDelete\":\"SET NULL\"}],\"columns\":[{\"name\":\"id\",\"type\":\"increments\",\"args\":[{\"primary\":true,\"primaryKey\":true}],\"defaultTo\":null,\"notNullable\":true,\"unsigned\":false},{\"name\":\"name\",\"type\":\"string\",\"args\":[],\"defaultTo\":null,\"notNullable\":false,\"unsigned\":false},{\"name\":\"released_at\",\"type\":\"datetime\",\"args\":[{\"useTz\":false,\"precision\":6}],\"defaultTo\":null,\"notNullable\":false,\"unsigned\":false},{\"name\":\"scheduled_at\",\"type\":\"datetime\",\"args\":[{\"useTz\":false,\"precision\":6}],\"defaultTo\":null,\"notNullable\":false,\"unsigned\":false},{\"name\":\"timezone\",\"type\":\"string\",\"args\":[],\"defaultTo\":null,\"notNullable\":false,\"unsigned\":false},{\"name\":\"status\",\"type\":\"string\",\"args\":[],\"defaultTo\":null,\"notNullable\":false,\"unsigned\":false},{\"name\":\"created_at\",\"type\":\"datetime\",\"args\":[{\"useTz\":false,\"precision\":6}],\"defaultTo\":null,\"notNullable\":false,\"unsigned\":false},{\"name\":\"updated_at\",\"type\":\"datetime\",\"args\":[{\"useTz\":false,\"precision\":6}],\"defaultTo\":null,\"notNullable\":false,\"unsigned\":false},{\"name\":\"created_by_id\",\"type\":\"integer\",\"args\":[],\"defaultTo\":null,\"notNullable\":false,\"unsigned\":true},{\"name\":\"updated_by_id\",\"type\":\"integer\",\"args\":[],\"defaultTo\":null,\"notNullable\":false,\"unsigned\":true}]},{\"name\":\"strapi_release_actions\",\"indexes\":[{\"name\":\"strapi_release_actions_created_by_id_fk\",\"columns\":[\"created_by_id\"]},{\"name\":\"strapi_release_actions_updated_by_id_fk\",\"columns\":[\"updated_by_id\"]}],\"foreignKeys\":[{\"name\":\"strapi_release_actions_created_by_id_fk\",\"columns\":[\"created_by_id\"],\"referencedTable\":\"admin_users\",\"referencedColumns\":[\"id\"],\"onDelete\":\"SET NULL\"},{\"name\":\"strapi_release_actions_updated_by_id_fk\",\"columns\":[\"updated_by_id\"],\"referencedTable\":\"admin_users\",\"referencedColumns\":[\"id\"],\"onDelete\":\"SET NULL\"}],\"columns\":[{\"name\":\"id\",\"type\":\"increments\",\"args\":[{\"primary\":true,\"primaryKey\":true}],\"defaultTo\":null,\"notNullable\":true,\"unsigned\":false},{\"name\":\"type\",\"type\":\"string\",\"args\":[],\"defaultTo\":null,\"notNullable\":false,\"unsigned\":false},{\"name\":\"target_id\",\"type\":\"integer\",\"args\":[],\"defaultTo\":null,\"notNullable\":false,\"unsigned\":true},{\"name\":\"target_type\",\"type\":\"string\",\"args\":[],\"defaultTo\":null,\"notNullable\":false,\"unsigned\":false},{\"name\":\"content_type\",\"type\":\"string\",\"args\":[],\"defaultTo\":null,\"notNullable\":false,\"unsigned\":false},{\"name\":\"locale\",\"type\":\"string\",\"args\":[],\"defaultTo\":null,\"notNullable\":false,\"unsigned\":false},{\"name\":\"is_entry_valid\",\"type\":\"boolean\",\"args\":[],\"defaultTo\":null,\"notNullable\":false,\"unsigned\":false},{\"name\":\"created_at\",\"type\":\"datetime\",\"args\":[{\"useTz\":false,\"precision\":6}],\"defaultTo\":null,\"notNullable\":false,\"unsigned\":false},{\"name\":\"updated_at\",\"type\":\"datetime\",\"args\":[{\"useTz\":false,\"precision\":6}],\"defaultTo\":null,\"notNullable\":false,\"unsigned\":false},{\"name\":\"created_by_id\",\"type\":\"integer\",\"args\":[],\"defaultTo\":null,\"notNullable\":false,\"unsigned\":true},{\"name\":\"updated_by_id\",\"type\":\"integer\",\"args\":[],\"defaultTo\":null,\"notNullable\":false,\"unsigned\":true}]},{\"name\":\"up_permissions\",\"indexes\":[{\"name\":\"up_permissions_created_by_id_fk\",\"columns\":[\"created_by_id\"]},{\"name\":\"up_permissions_updated_by_id_fk\",\"columns\":[\"updated_by_id\"]}],\"foreignKeys\":[{\"name\":\"up_permissions_created_by_id_fk\",\"columns\":[\"created_by_id\"],\"referencedTable\":\"admin_users\",\"referencedColumns\":[\"id\"],\"onDelete\":\"SET NULL\"},{\"name\":\"up_permissions_updated_by_id_fk\",\"columns\":[\"updated_by_id\"],\"referencedTable\":\"admin_users\",\"referencedColumns\":[\"id\"],\"onDelete\":\"SET NULL\"}],\"columns\":[{\"name\":\"id\",\"type\":\"increments\",\"args\":[{\"primary\":true,\"primaryKey\":true}],\"defaultTo\":null,\"notNullable\":true,\"unsigned\":false},{\"name\":\"action\",\"type\":\"string\",\"args\":[],\"defaultTo\":null,\"notNullable\":false,\"unsigned\":false},{\"name\":\"created_at\",\"type\":\"datetime\",\"args\":[{\"useTz\":false,\"precision\":6}],\"defaultTo\":null,\"notNullable\":false,\"unsigned\":false},{\"name\":\"updated_at\",\"type\":\"datetime\",\"args\":[{\"useTz\":false,\"precision\":6}],\"defaultTo\":null,\"notNullable\":false,\"unsigned\":false},{\"name\":\"created_by_id\",\"type\":\"integer\",\"args\":[],\"defaultTo\":null,\"notNullable\":false,\"unsigned\":true},{\"name\":\"updated_by_id\",\"type\":\"integer\",\"args\":[],\"defaultTo\":null,\"notNullable\":false,\"unsigned\":true}]},{\"name\":\"up_roles\",\"indexes\":[{\"name\":\"up_roles_created_by_id_fk\",\"columns\":[\"created_by_id\"]},{\"name\":\"up_roles_updated_by_id_fk\",\"columns\":[\"updated_by_id\"]}],\"foreignKeys\":[{\"name\":\"up_roles_created_by_id_fk\",\"columns\":[\"created_by_id\"],\"referencedTable\":\"admin_users\",\"referencedColumns\":[\"id\"],\"onDelete\":\"SET NULL\"},{\"name\":\"up_roles_updated_by_id_fk\",\"columns\":[\"updated_by_id\"],\"referencedTable\":\"admin_users\",\"referencedColumns\":[\"id\"],\"onDelete\":\"SET NULL\"}],\"columns\":[{\"name\":\"id\",\"type\":\"increments\",\"args\":[{\"primary\":true,\"primaryKey\":true}],\"defaultTo\":null,\"notNullable\":true,\"unsigned\":false},{\"name\":\"name\",\"type\":\"string\",\"args\":[],\"defaultTo\":null,\"notNullable\":false,\"unsigned\":false},{\"name\":\"description\",\"type\":\"string\",\"args\":[],\"defaultTo\":null,\"notNullable\":false,\"unsigned\":false},{\"name\":\"type\",\"type\":\"string\",\"args\":[],\"defaultTo\":null,\"notNullable\":false,\"unsigned\":false},{\"name\":\"created_at\",\"type\":\"datetime\",\"args\":[{\"useTz\":false,\"precision\":6}],\"defaultTo\":null,\"notNullable\":false,\"unsigned\":false},{\"name\":\"updated_at\",\"type\":\"datetime\",\"args\":[{\"useTz\":false,\"precision\":6}],\"defaultTo\":null,\"notNullable\":false,\"unsigned\":false},{\"name\":\"created_by_id\",\"type\":\"integer\",\"args\":[],\"defaultTo\":null,\"notNullable\":false,\"unsigned\":true},{\"name\":\"updated_by_id\",\"type\":\"integer\",\"args\":[],\"defaultTo\":null,\"notNullable\":false,\"unsigned\":true}]},{\"name\":\"users\",\"indexes\":[{\"name\":\"users_created_by_id_fk\",\"columns\":[\"created_by_id\"]},{\"name\":\"users_updated_by_id_fk\",\"columns\":[\"updated_by_id\"]}],\"foreignKeys\":[{\"name\":\"users_created_by_id_fk\",\"columns\":[\"created_by_id\"],\"referencedTable\":\"admin_users\",\"referencedColumns\":[\"id\"],\"onDelete\":\"SET NULL\"},{\"name\":\"users_updated_by_id_fk\",\"columns\":[\"updated_by_id\"],\"referencedTable\":\"admin_users\",\"referencedColumns\":[\"id\"],\"onDelete\":\"SET NULL\"}],\"columns\":[{\"name\":\"id\",\"type\":\"increments\",\"args\":[{\"primary\":true,\"primaryKey\":true}],\"defaultTo\":null,\"notNullable\":true,\"unsigned\":false},{\"name\":\"username\",\"type\":\"string\",\"args\":[],\"defaultTo\":null,\"notNullable\":false,\"unsigned\":false},{\"name\":\"email\",\"type\":\"string\",\"args\":[],\"defaultTo\":null,\"notNullable\":false,\"unsigned\":false},{\"name\":\"provider\",\"type\":\"string\",\"args\":[],\"defaultTo\":null,\"notNullable\":false,\"unsigned\":false},{\"name\":\"password\",\"type\":\"string\",\"args\":[],\"defaultTo\":null,\"notNullable\":false,\"unsigned\":false},{\"name\":\"reset_password_token\",\"type\":\"string\",\"args\":[],\"defaultTo\":null,\"notNullable\":false,\"unsigned\":false},{\"name\":\"confirmation_token\",\"type\":\"string\",\"args\":[],\"defaultTo\":null,\"notNullable\":false,\"unsigned\":false},{\"name\":\"confirmed\",\"type\":\"boolean\",\"args\":[],\"defaultTo\":null,\"notNullable\":false,\"unsigned\":false},{\"name\":\"blocked\",\"type\":\"boolean\",\"args\":[],\"defaultTo\":null,\"notNullable\":false,\"unsigned\":false},{\"name\":\"created_at\",\"type\":\"datetime\",\"args\":[{\"useTz\":false,\"precision\":6}],\"defaultTo\":null,\"notNullable\":false,\"unsigned\":false},{\"name\":\"updated_at\",\"type\":\"datetime\",\"args\":[{\"useTz\":false,\"precision\":6}],\"defaultTo\":null,\"notNullable\":false,\"unsigned\":false},{\"name\":\"created_by_id\",\"type\":\"integer\",\"args\":[],\"defaultTo\":null,\"notNullable\":false,\"unsigned\":true},{\"name\":\"updated_by_id\",\"type\":\"integer\",\"args\":[],\"defaultTo\":null,\"notNullable\":false,\"unsigned\":true}]},{\"name\":\"i18n_locale\",\"indexes\":[{\"name\":\"i18n_locale_created_by_id_fk\",\"columns\":[\"created_by_id\"]},{\"name\":\"i18n_locale_updated_by_id_fk\",\"columns\":[\"updated_by_id\"]}],\"foreignKeys\":[{\"name\":\"i18n_locale_created_by_id_fk\",\"columns\":[\"created_by_id\"],\"referencedTable\":\"admin_users\",\"referencedColumns\":[\"id\"],\"onDelete\":\"SET NULL\"},{\"name\":\"i18n_locale_updated_by_id_fk\",\"columns\":[\"updated_by_id\"],\"referencedTable\":\"admin_users\",\"referencedColumns\":[\"id\"],\"onDelete\":\"SET NULL\"}],\"columns\":[{\"name\":\"id\",\"type\":\"increments\",\"args\":[{\"primary\":true,\"primaryKey\":true}],\"defaultTo\":null,\"notNullable\":true,\"unsigned\":false},{\"name\":\"name\",\"type\":\"string\",\"args\":[],\"defaultTo\":null,\"notNullable\":false,\"unsigned\":false},{\"name\":\"code\",\"type\":\"string\",\"args\":[],\"defaultTo\":null,\"notNullable\":false,\"unsigned\":false},{\"name\":\"created_at\",\"type\":\"datetime\",\"args\":[{\"useTz\":false,\"precision\":6}],\"defaultTo\":null,\"notNullable\":false,\"unsigned\":false},{\"name\":\"updated_at\",\"type\":\"datetime\",\"args\":[{\"useTz\":false,\"precision\":6}],\"defaultTo\":null,\"notNullable\":false,\"unsigned\":false},{\"name\":\"created_by_id\",\"type\":\"integer\",\"args\":[],\"defaultTo\":null,\"notNullable\":false,\"unsigned\":true},{\"name\":\"updated_by_id\",\"type\":\"integer\",\"args\":[],\"defaultTo\":null,\"notNullable\":false,\"unsigned\":true}]},{\"name\":\"breweries\",\"indexes\":[{\"type\":\"unique\",\"name\":\"breweries_slug_unique\",\"columns\":[\"slug\"]},{\"name\":\"breweries_created_by_id_fk\",\"columns\":[\"created_by_id\"]},{\"name\":\"breweries_updated_by_id_fk\",\"columns\":[\"updated_by_id\"]}],\"foreignKeys\":[{\"name\":\"breweries_created_by_id_fk\",\"columns\":[\"created_by_id\"],\"referencedTable\":\"admin_users\",\"referencedColumns\":[\"id\"],\"onDelete\":\"SET NULL\"},{\"name\":\"breweries_updated_by_id_fk\",\"columns\":[\"updated_by_id\"],\"referencedTable\":\"admin_users\",\"referencedColumns\":[\"id\"],\"onDelete\":\"SET NULL\"}],\"columns\":[{\"name\":\"id\",\"type\":\"increments\",\"args\":[{\"primary\":true,\"primaryKey\":true}],\"defaultTo\":null,\"notNullable\":true,\"unsigned\":false},{\"name\":\"name\",\"type\":\"string\",\"args\":[],\"defaultTo\":null,\"notNullable\":false,\"unsigned\":false},{\"name\":\"slug\",\"type\":\"string\",\"args\":[],\"defaultTo\":null,\"notNullable\":false,\"unsigned\":false,\"unique\":true},{\"name\":\"address\",\"type\":\"text\",\"args\":[\"longtext\"],\"defaultTo\":null,\"notNullable\":false,\"unsigned\":false},{\"name\":\"phone\",\"type\":\"string\",\"args\":[],\"defaultTo\":null,\"notNullable\":false,\"unsigned\":false},{\"name\":\"is_active\",\"type\":\"boolean\",\"args\":[],\"defaultTo\":null,\"notNullable\":false,\"unsigned\":false},{\"name\":\"tap_count\",\"type\":\"integer\",\"args\":[],\"defaultTo\":null,\"notNullable\":false,\"unsigned\":false},{\"name\":\"created_at\",\"type\":\"datetime\",\"args\":[{\"useTz\":false,\"precision\":6}],\"defaultTo\":null,\"notNullable\":false,\"unsigned\":false},{\"name\":\"updated_at\",\"type\":\"datetime\",\"args\":[{\"useTz\":false,\"precision\":6}],\"defaultTo\":null,\"notNullable\":false,\"unsigned\":false},{\"name\":\"published_at\",\"type\":\"datetime\",\"args\":[{\"useTz\":false,\"precision\":6}],\"defaultTo\":null,\"notNullable\":false,\"unsigned\":false},{\"name\":\"created_by_id\",\"type\":\"integer\",\"args\":[],\"defaultTo\":null,\"notNullable\":false,\"unsigned\":true},{\"name\":\"updated_by_id\",\"type\":\"integer\",\"args\":[],\"defaultTo\":null,\"notNullable\":false,\"unsigned\":true}]},{\"name\":\"connected_kegs\",\"indexes\":[{\"name\":\"connected_kegs_created_by_id_fk\",\"columns\":[\"created_by_id\"]},{\"name\":\"connected_kegs_updated_by_id_fk\",\"columns\":[\"updated_by_id\"]}],\"foreignKeys\":[{\"name\":\"connected_kegs_created_by_id_fk\",\"columns\":[\"created_by_id\"],\"referencedTable\":\"admin_users\",\"referencedColumns\":[\"id\"],\"onDelete\":\"SET NULL\"},{\"name\":\"connected_kegs_updated_by_id_fk\",\"columns\":[\"updated_by_id\"],\"referencedTable\":\"admin_users\",\"referencedColumns\":[\"id\"],\"onDelete\":\"SET NULL\"}],\"columns\":[{\"name\":\"id\",\"type\":\"increments\",\"args\":[{\"primary\":true,\"primaryKey\":true}],\"defaultTo\":null,\"notNullable\":true,\"unsigned\":false},{\"name\":\"quantity_total\",\"type\":\"decimal\",\"args\":[10,2],\"defaultTo\":null,\"notNullable\":false,\"unsigned\":false},{\"name\":\"quantity_remaining\",\"type\":\"decimal\",\"args\":[10,2],\"defaultTo\":null,\"notNullable\":false,\"unsigned\":false},{\"name\":\"date_attached\",\"type\":\"datetime\",\"args\":[{\"useTz\":false,\"precision\":6}],\"defaultTo\":null,\"notNullable\":false,\"unsigned\":false},{\"name\":\"formats\",\"type\":\"jsonb\",\"args\":[],\"defaultTo\":null,\"notNullable\":false,\"unsigned\":false},{\"name\":\"is_active\",\"type\":\"boolean\",\"args\":[],\"defaultTo\":null,\"notNullable\":false,\"unsigned\":false},{\"name\":\"tap_number\",\"type\":\"integer\",\"args\":[],\"defaultTo\":null,\"notNullable\":false,\"unsigned\":false},{\"name\":\"created_at\",\"type\":\"datetime\",\"args\":[{\"useTz\":false,\"precision\":6}],\"defaultTo\":null,\"notNullable\":false,\"unsigned\":false},{\"name\":\"updated_at\",\"type\":\"datetime\",\"args\":[{\"useTz\":false,\"precision\":6}],\"defaultTo\":null,\"notNullable\":false,\"unsigned\":false},{\"name\":\"created_by_id\",\"type\":\"integer\",\"args\":[],\"defaultTo\":null,\"notNullable\":false,\"unsigned\":true},{\"name\":\"updated_by_id\",\"type\":\"integer\",\"args\":[],\"defaultTo\":null,\"notNullable\":false,\"unsigned\":true}]},{\"name\":\"orders\",\"indexes\":[{\"name\":\"orders_created_by_id_fk\",\"columns\":[\"created_by_id\"]},{\"name\":\"orders_updated_by_id_fk\",\"columns\":[\"updated_by_id\"]}],\"foreignKeys\":[{\"name\":\"orders_created_by_id_fk\",\"columns\":[\"created_by_id\"],\"referencedTable\":\"admin_users\",\"referencedColumns\":[\"id\"],\"onDelete\":\"SET NULL\"},{\"name\":\"orders_updated_by_id_fk\",\"columns\":[\"updated_by_id\"],\"referencedTable\":\"admin_users\",\"referencedColumns\":[\"id\"],\"onDelete\":\"SET NULL\"}],\"columns\":[{\"name\":\"id\",\"type\":\"increments\",\"args\":[{\"primary\":true,\"primaryKey\":true}],\"defaultTo\":null,\"notNullable\":true,\"unsigned\":false},{\"name\":\"status\",\"type\":\"string\",\"args\":[],\"defaultTo\":null,\"notNullable\":false,\"unsigned\":false},{\"name\":\"timestamp_apertura\",\"type\":\"datetime\",\"args\":[{\"useTz\":false,\"precision\":6}],\"defaultTo\":null,\"notNullable\":false,\"unsigned\":false},{\"name\":\"timestamp_chiusura\",\"type\":\"datetime\",\"args\":[{\"useTz\":false,\"precision\":6}],\"defaultTo\":null,\"notNullable\":false,\"unsigned\":false},{\"name\":\"total\",\"type\":\"decimal\",\"args\":[10,2],\"defaultTo\":null,\"notNullable\":false,\"unsigned\":false},{\"name\":\"customer_name\",\"type\":\"string\",\"args\":[],\"defaultTo\":null,\"notNullable\":false,\"unsigned\":false},{\"name\":\"created_at\",\"type\":\"datetime\",\"args\":[{\"useTz\":false,\"precision\":6}],\"defaultTo\":null,\"notNullable\":false,\"unsigned\":false},{\"name\":\"updated_at\",\"type\":\"datetime\",\"args\":[{\"useTz\":false,\"precision\":6}],\"defaultTo\":null,\"notNullable\":false,\"unsigned\":false},{\"name\":\"created_by_id\",\"type\":\"integer\",\"args\":[],\"defaultTo\":null,\"notNullable\":false,\"unsigned\":true},{\"name\":\"updated_by_id\",\"type\":\"integer\",\"args\":[],\"defaultTo\":null,\"notNullable\":false,\"unsigned\":true}]},{\"name\":\"order_items\",\"indexes\":[{\"name\":\"order_items_created_by_id_fk\",\"columns\":[\"created_by_id\"]},{\"name\":\"order_items_updated_by_id_fk\",\"columns\":[\"updated_by_id\"]}],\"foreignKeys\":[{\"name\":\"order_items_created_by_id_fk\",\"columns\":[\"created_by_id\"],\"referencedTable\":\"admin_users\",\"referencedColumns\":[\"id\"],\"onDelete\":\"SET NULL\"},{\"name\":\"order_items_updated_by_id_fk\",\"columns\":[\"updated_by_id\"],\"referencedTable\":\"admin_users\",\"referencedColumns\":[\"id\"],\"onDelete\":\"SET NULL\"}],\"columns\":[{\"name\":\"id\",\"type\":\"increments\",\"args\":[{\"primary\":true,\"primaryKey\":true}],\"defaultTo\":null,\"notNullable\":true,\"unsigned\":false},{\"name\":\"quantity\",\"type\":\"decimal\",\"args\":[10,2],\"defaultTo\":null,\"notNullable\":false,\"unsigned\":false},{\"name\":\"unit_price\",\"type\":\"decimal\",\"args\":[10,2],\"defaultTo\":null,\"notNullable\":false,\"unsigned\":false},{\"name\":\"total_price\",\"type\":\"decimal\",\"args\":[10,2],\"defaultTo\":null,\"notNullable\":false,\"unsigned\":false},{\"name\":\"size\",\"type\":\"decimal\",\"args\":[10,2],\"defaultTo\":null,\"notNullable\":false,\"unsigned\":false},{\"name\":\"created_at\",\"type\":\"datetime\",\"args\":[{\"useTz\":false,\"precision\":6}],\"defaultTo\":null,\"notNullable\":false,\"unsigned\":false},{\"name\":\"updated_at\",\"type\":\"datetime\",\"args\":[{\"useTz\":false,\"precision\":6}],\"defaultTo\":null,\"notNullable\":false,\"unsigned\":false},{\"name\":\"created_by_id\",\"type\":\"integer\",\"args\":[],\"defaultTo\":null,\"notNullable\":false,\"unsigned\":true},{\"name\":\"updated_by_id\",\"type\":\"integer\",\"args\":[],\"defaultTo\":null,\"notNullable\":false,\"unsigned\":true}]},{\"name\":\"payments\",\"indexes\":[{\"name\":\"payments_created_by_id_fk\",\"columns\":[\"created_by_id\"]},{\"name\":\"payments_updated_by_id_fk\",\"columns\":[\"updated_by_id\"]}],\"foreignKeys\":[{\"name\":\"payments_created_by_id_fk\",\"columns\":[\"created_by_id\"],\"referencedTable\":\"admin_users\",\"referencedColumns\":[\"id\"],\"onDelete\":\"SET NULL\"},{\"name\":\"payments_updated_by_id_fk\",\"columns\":[\"updated_by_id\"],\"referencedTable\":\"admin_users\",\"referencedColumns\":[\"id\"],\"onDelete\":\"SET NULL\"}],\"columns\":[{\"name\":\"id\",\"type\":\"increments\",\"args\":[{\"primary\":true,\"primaryKey\":true}],\"defaultTo\":null,\"notNullable\":true,\"unsigned\":false},{\"name\":\"method\",\"type\":\"string\",\"args\":[],\"defaultTo\":null,\"notNullable\":false,\"unsigned\":false},{\"name\":\"amount_cents\",\"type\":\"integer\",\"args\":[],\"defaultTo\":null,\"notNullable\":false,\"unsigned\":false},{\"name\":\"status\",\"type\":\"string\",\"args\":[],\"defaultTo\":null,\"notNullable\":false,\"unsigned\":false},{\"name\":\"meta\",\"type\":\"jsonb\",\"args\":[],\"defaultTo\":null,\"notNullable\":false,\"unsigned\":false},{\"name\":\"created_at\",\"type\":\"datetime\",\"args\":[{\"useTz\":false,\"precision\":6}],\"defaultTo\":null,\"notNullable\":false,\"unsigned\":false},{\"name\":\"updated_at\",\"type\":\"datetime\",\"args\":[{\"useTz\":false,\"precision\":6}],\"defaultTo\":null,\"notNullable\":false,\"unsigned\":false},{\"name\":\"created_by_id\",\"type\":\"integer\",\"args\":[],\"defaultTo\":null,\"notNullable\":false,\"unsigned\":true},{\"name\":\"updated_by_id\",\"type\":\"integer\",\"args\":[],\"defaultTo\":null,\"notNullable\":false,\"unsigned\":true}]},{\"name\":\"products\",\"indexes\":[{\"name\":\"products_created_by_id_fk\",\"columns\":[\"created_by_id\"]},{\"name\":\"products_updated_by_id_fk\",\"columns\":[\"updated_by_id\"]}],\"foreignKeys\":[{\"name\":\"products_created_by_id_fk\",\"columns\":[\"created_by_id\"],\"referencedTable\":\"admin_users\",\"referencedColumns\":[\"id\"],\"onDelete\":\"SET NULL\"},{\"name\":\"products_updated_by_id_fk\",\"columns\":[\"updated_by_id\"],\"referencedTable\":\"admin_users\",\"referencedColumns\":[\"id\"],\"onDelete\":\"SET NULL\"}],\"columns\":[{\"name\":\"id\",\"type\":\"increments\",\"args\":[{\"primary\":true,\"primaryKey\":true}],\"defaultTo\":null,\"notNullable\":true,\"unsigned\":false},{\"name\":\"name\",\"type\":\"string\",\"args\":[],\"defaultTo\":null,\"notNullable\":false,\"unsigned\":false},{\"name\":\"type\",\"type\":\"string\",\"args\":[],\"defaultTo\":null,\"notNullable\":false,\"unsigned\":false},{\"name\":\"description\",\"type\":\"text\",\"args\":[\"longtext\"],\"defaultTo\":null,\"notNullable\":false,\"unsigned\":false},{\"name\":\"abv\",\"type\":\"decimal\",\"args\":[10,2],\"defaultTo\":null,\"notNullable\":false,\"unsigned\":false},{\"name\":\"formats\",\"type\":\"jsonb\",\"args\":[],\"defaultTo\":null,\"notNullable\":false,\"unsigned\":false},{\"name\":\"liters_per_unit\",\"type\":\"decimal\",\"args\":[10,2],\"defaultTo\":null,\"notNullable\":false,\"unsigned\":false},{\"name\":\"price\",\"type\":\"decimal\",\"args\":[10,2],\"defaultTo\":null,\"notNullable\":false,\"unsigned\":false},{\"name\":\"created_at\",\"type\":\"datetime\",\"args\":[{\"useTz\":false,\"precision\":6}],\"defaultTo\":null,\"notNullable\":false,\"unsigned\":false},{\"name\":\"updated_at\",\"type\":\"datetime\",\"args\":[{\"useTz\":false,\"precision\":6}],\"defaultTo\":null,\"notNullable\":false,\"unsigned\":false},{\"name\":\"created_by_id\",\"type\":\"integer\",\"args\":[],\"defaultTo\":null,\"notNullable\":false,\"unsigned\":true},{\"name\":\"updated_by_id\",\"type\":\"integer\",\"args\":[],\"defaultTo\":null,\"notNullable\":false,\"unsigned\":true}]},{\"name\":\"stock_movements\",\"indexes\":[{\"name\":\"stock_movements_created_by_id_fk\",\"columns\":[\"created_by_id\"]},{\"name\":\"stock_movements_updated_by_id_fk\",\"columns\":[\"updated_by_id\"]}],\"foreignKeys\":[{\"name\":\"stock_movements_created_by_id_fk\",\"columns\":[\"created_by_id\"],\"referencedTable\":\"admin_users\",\"referencedColumns\":[\"id\"],\"onDelete\":\"SET NULL\"},{\"name\":\"stock_movements_updated_by_id_fk\",\"columns\":[\"updated_by_id\"],\"referencedTable\":\"admin_users\",\"referencedColumns\":[\"id\"],\"onDelete\":\"SET NULL\"}],\"columns\":[{\"name\":\"id\",\"type\":\"increments\",\"args\":[{\"primary\":true,\"primaryKey\":true}],\"defaultTo\":null,\"notNullable\":true,\"unsigned\":false},{\"name\":\"type\",\"type\":\"string\",\"args\":[],\"defaultTo\":null,\"notNullable\":false,\"unsigned\":false},{\"name\":\"unit\",\"type\":\"string\",\"args\":[],\"defaultTo\":null,\"notNullable\":false,\"unsigned\":false},{\"name\":\"quantity\",\"type\":\"decimal\",\"args\":[10,2],\"defaultTo\":null,\"notNullable\":false,\"unsigned\":false},{\"name\":\"note\",\"type\":\"text\",\"args\":[\"longtext\"],\"defaultTo\":null,\"notNullable\":false,\"unsigned\":false},{\"name\":\"created_at\",\"type\":\"datetime\",\"args\":[{\"useTz\":false,\"precision\":6}],\"defaultTo\":null,\"notNullable\":false,\"unsigned\":false},{\"name\":\"updated_at\",\"type\":\"datetime\",\"args\":[{\"useTz\":false,\"precision\":6}],\"defaultTo\":null,\"notNullable\":false,\"unsigned\":false},{\"name\":\"created_by_id\",\"type\":\"integer\",\"args\":[],\"defaultTo\":null,\"notNullable\":false,\"unsigned\":true},{\"name\":\"updated_by_id\",\"type\":\"integer\",\"args\":[],\"defaultTo\":null,\"notNullable\":false,\"unsigned\":true}]},{\"name\":\"components_payment_allocations\",\"indexes\":[],\"foreignKeys\":[],\"columns\":[{\"name\":\"id\",\"type\":\"increments\",\"args\":[{\"primary\":true,\"primaryKey\":true}],\"defaultTo\":null,\"notNullable\":true,\"unsigned\":false},{\"name\":\"units\",\"type\":\"integer\",\"args\":[],\"defaultTo\":null,\"notNullable\":false,\"unsigned\":false},{\"name\":\"amount_cents\",\"type\":\"integer\",\"args\":[],\"defaultTo\":null,\"notNullable\":false,\"unsigned\":false}]},{\"name\":\"admin_permissions_role_links\",\"indexes\":[{\"name\":\"admin_permissions_role_links_fk\",\"columns\":[\"permission_id\"]},{\"name\":\"admin_permissions_role_links_inv_fk\",\"columns\":[\"role_id\"]},{\"name\":\"admin_permissions_role_links_unique\",\"columns\":[\"permission_id\",\"role_id\"],\"type\":\"unique\"},{\"name\":\"admin_permissions_role_links_order_inv_fk\",\"columns\":[\"permission_order\"]}],\"foreignKeys\":[{\"name\":\"admin_permissions_role_links_fk\",\"columns\":[\"permission_id\"],\"referencedColumns\":[\"id\"],\"referencedTable\":\"admin_permissions\",\"onDelete\":\"CASCADE\"},{\"name\":\"admin_permissions_role_links_inv_fk\",\"columns\":[\"role_id\"],\"referencedColumns\":[\"id\"],\"referencedTable\":\"admin_roles\",\"onDelete\":\"CASCADE\"}],\"columns\":[{\"name\":\"id\",\"type\":\"increments\",\"args\":[{\"primary\":true,\"primaryKey\":true}],\"defaultTo\":null,\"notNullable\":true,\"unsigned\":false},{\"name\":\"permission_id\",\"type\":\"integer\",\"args\":[],\"defaultTo\":null,\"notNullable\":false,\"unsigned\":true},{\"name\":\"role_id\",\"type\":\"integer\",\"args\":[],\"defaultTo\":null,\"notNullable\":false,\"unsigned\":true},{\"name\":\"permission_order\",\"type\":\"double\",\"args\":[],\"defaultTo\":null,\"notNullable\":false,\"unsigned\":true}]},{\"name\":\"admin_users_roles_links\",\"indexes\":[{\"name\":\"admin_users_roles_links_fk\",\"columns\":[\"user_id\"]},{\"name\":\"admin_users_roles_links_inv_fk\",\"columns\":[\"role_id\"]},{\"name\":\"admin_users_roles_links_unique\",\"columns\":[\"user_id\",\"role_id\"],\"type\":\"unique\"},{\"name\":\"admin_users_roles_links_order_fk\",\"columns\":[\"role_order\"]},{\"name\":\"admin_users_roles_links_order_inv_fk\",\"columns\":[\"user_order\"]}],\"foreignKeys\":[{\"name\":\"admin_users_roles_links_fk\",\"columns\":[\"user_id\"],\"referencedColumns\":[\"id\"],\"referencedTable\":\"admin_users\",\"onDelete\":\"CASCADE\"},{\"name\":\"admin_users_roles_links_inv_fk\",\"columns\":[\"role_id\"],\"referencedColumns\":[\"id\"],\"referencedTable\":\"admin_roles\",\"onDelete\":\"CASCADE\"}],\"columns\":[{\"name\":\"id\",\"type\":\"increments\",\"args\":[{\"primary\":true,\"primaryKey\":true}],\"defaultTo\":null,\"notNullable\":true,\"unsigned\":false},{\"name\":\"user_id\",\"type\":\"integer\",\"args\":[],\"defaultTo\":null,\"notNullable\":false,\"unsigned\":true},{\"name\":\"role_id\",\"type\":\"integer\",\"args\":[],\"defaultTo\":null,\"notNullable\":false,\"unsigned\":true},{\"name\":\"role_order\",\"type\":\"double\",\"args\":[],\"defaultTo\":null,\"notNullable\":false,\"unsigned\":true},{\"name\":\"user_order\",\"type\":\"double\",\"args\":[],\"defaultTo\":null,\"notNullable\":false,\"unsigned\":true}]},{\"name\":\"strapi_api_token_permissions_token_links\",\"indexes\":[{\"name\":\"strapi_api_token_permissions_token_links_fk\",\"columns\":[\"api_token_permission_id\"]},{\"name\":\"strapi_api_token_permissions_token_links_inv_fk\",\"columns\":[\"api_token_id\"]},{\"name\":\"strapi_api_token_permissions_token_links_unique\",\"columns\":[\"api_token_permission_id\",\"api_token_id\"],\"type\":\"unique\"},{\"name\":\"strapi_api_token_permissions_token_links_order_inv_fk\",\"columns\":[\"api_token_permission_order\"]}],\"foreignKeys\":[{\"name\":\"strapi_api_token_permissions_token_links_fk\",\"columns\":[\"api_token_permission_id\"],\"referencedColumns\":[\"id\"],\"referencedTable\":\"strapi_api_token_permissions\",\"onDelete\":\"CASCADE\"},{\"name\":\"strapi_api_token_permissions_token_links_inv_fk\",\"columns\":[\"api_token_id\"],\"referencedColumns\":[\"id\"],\"referencedTable\":\"strapi_api_tokens\",\"onDelete\":\"CASCADE\"}],\"columns\":[{\"name\":\"id\",\"type\":\"increments\",\"args\":[{\"primary\":true,\"primaryKey\":true}],\"defaultTo\":null,\"notNullable\":true,\"unsigned\":false},{\"name\":\"api_token_permission_id\",\"type\":\"integer\",\"args\":[],\"defaultTo\":null,\"notNullable\":false,\"unsigned\":true},{\"name\":\"api_token_id\",\"type\":\"integer\",\"args\":[],\"defaultTo\":null,\"notNullable\":false,\"unsigned\":true},{\"name\":\"api_token_permission_order\",\"type\":\"double\",\"args\":[],\"defaultTo\":null,\"notNullable\":false,\"unsigned\":true}]},{\"name\":\"strapi_transfer_token_permissions_token_links\",\"indexes\":[{\"name\":\"strapi_transfer_token_permissions_token_links_fk\",\"columns\":[\"transfer_token_permission_id\"]},{\"name\":\"strapi_transfer_token_permissions_token_links_inv_fk\",\"columns\":[\"transfer_token_id\"]},{\"name\":\"strapi_transfer_token_permissions_token_links_unique\",\"columns\":[\"transfer_token_permission_id\",\"transfer_token_id\"],\"type\":\"unique\"},{\"name\":\"strapi_transfer_token_permissions_token_links_order_inv_fk\",\"columns\":[\"transfer_token_permission_order\"]}],\"foreignKeys\":[{\"name\":\"strapi_transfer_token_permissions_token_links_fk\",\"columns\":[\"transfer_token_permission_id\"],\"referencedColumns\":[\"id\"],\"referencedTable\":\"strapi_transfer_token_permissions\",\"onDelete\":\"CASCADE\"},{\"name\":\"strapi_transfer_token_permissions_token_links_inv_fk\",\"columns\":[\"transfer_token_id\"],\"referencedColumns\":[\"id\"],\"referencedTable\":\"strapi_transfer_tokens\",\"onDelete\":\"CASCADE\"}],\"columns\":[{\"name\":\"id\",\"type\":\"increments\",\"args\":[{\"primary\":true,\"primaryKey\":true}],\"defaultTo\":null,\"notNullable\":true,\"unsigned\":false},{\"name\":\"transfer_token_permission_id\",\"type\":\"integer\",\"args\":[],\"defaultTo\":null,\"notNullable\":false,\"unsigned\":true},{\"name\":\"transfer_token_id\",\"type\":\"integer\",\"args\":[],\"defaultTo\":null,\"notNullable\":false,\"unsigned\":true},{\"name\":\"transfer_token_permission_order\",\"type\":\"double\",\"args\":[],\"defaultTo\":null,\"notNullable\":false,\"unsigned\":true}]},{\"name\":\"files_related_morphs\",\"indexes\":[{\"name\":\"files_related_morphs_fk\",\"columns\":[\"file_id\"]},{\"name\":\"files_related_morphs_order_index\",\"columns\":[\"order\"]},{\"name\":\"files_related_morphs_id_column_index\",\"columns\":[\"related_id\"]}],\"foreignKeys\":[{\"name\":\"files_related_morphs_fk\",\"columns\":[\"file_id\"],\"referencedColumns\":[\"id\"],\"referencedTable\":\"files\",\"onDelete\":\"CASCADE\"}],\"columns\":[{\"name\":\"id\",\"type\":\"increments\",\"args\":[{\"primary\":true,\"primaryKey\":true}],\"defaultTo\":null,\"notNullable\":true,\"unsigned\":false},{\"name\":\"file_id\",\"type\":\"integer\",\"args\":[],\"defaultTo\":null,\"notNullable\":false,\"unsigned\":true},{\"name\":\"related_id\",\"type\":\"integer\",\"args\":[],\"defaultTo\":null,\"notNullable\":false,\"unsigned\":true},{\"name\":\"related_type\",\"type\":\"string\",\"args\":[],\"defaultTo\":null,\"notNullable\":false,\"unsigned\":false},{\"name\":\"field\",\"type\":\"string\",\"args\":[],\"defaultTo\":null,\"notNullable\":false,\"unsigned\":false},{\"name\":\"order\",\"type\":\"double\",\"args\":[],\"defaultTo\":null,\"notNullable\":false,\"unsigned\":true}]},{\"name\":\"files_folder_links\",\"indexes\":[{\"name\":\"files_folder_links_fk\",\"columns\":[\"file_id\"]},{\"name\":\"files_folder_links_inv_fk\",\"columns\":[\"folder_id\"]},{\"name\":\"files_folder_links_unique\",\"columns\":[\"file_id\",\"folder_id\"],\"type\":\"unique\"},{\"name\":\"files_folder_links_order_inv_fk\",\"columns\":[\"file_order\"]}],\"foreignKeys\":[{\"name\":\"files_folder_links_fk\",\"columns\":[\"file_id\"],\"referencedColumns\":[\"id\"],\"referencedTable\":\"files\",\"onDelete\":\"CASCADE\"},{\"name\":\"files_folder_links_inv_fk\",\"columns\":[\"folder_id\"],\"referencedColumns\":[\"id\"],\"referencedTable\":\"upload_folders\",\"onDelete\":\"CASCADE\"}],\"columns\":[{\"name\":\"id\",\"type\":\"increments\",\"args\":[{\"primary\":true,\"primaryKey\":true}],\"defaultTo\":null,\"notNullable\":true,\"unsigned\":false},{\"name\":\"file_id\",\"type\":\"integer\",\"args\":[],\"defaultTo\":null,\"notNullable\":false,\"unsigned\":true},{\"name\":\"folder_id\",\"type\":\"integer\",\"args\":[],\"defaultTo\":null,\"notNullable\":false,\"unsigned\":true},{\"name\":\"file_order\",\"type\":\"double\",\"args\":[],\"defaultTo\":null,\"notNullable\":false,\"unsigned\":true}]},{\"name\":\"upload_folders_parent_links\",\"indexes\":[{\"name\":\"upload_folders_parent_links_fk\",\"columns\":[\"folder_id\"]},{\"name\":\"upload_folders_parent_links_inv_fk\",\"columns\":[\"inv_folder_id\"]},{\"name\":\"upload_folders_parent_links_unique\",\"columns\":[\"folder_id\",\"inv_folder_id\"],\"type\":\"unique\"},{\"name\":\"upload_folders_parent_links_order_inv_fk\",\"columns\":[\"folder_order\"]}],\"foreignKeys\":[{\"name\":\"upload_folders_parent_links_fk\",\"columns\":[\"folder_id\"],\"referencedColumns\":[\"id\"],\"referencedTable\":\"upload_folders\",\"onDelete\":\"CASCADE\"},{\"name\":\"upload_folders_parent_links_inv_fk\",\"columns\":[\"inv_folder_id\"],\"referencedColumns\":[\"id\"],\"referencedTable\":\"upload_folders\",\"onDelete\":\"CASCADE\"}],\"columns\":[{\"name\":\"id\",\"type\":\"increments\",\"args\":[{\"primary\":true,\"primaryKey\":true}],\"defaultTo\":null,\"notNullable\":true,\"unsigned\":false},{\"name\":\"folder_id\",\"type\":\"integer\",\"args\":[],\"defaultTo\":null,\"notNullable\":false,\"unsigned\":true},{\"name\":\"inv_folder_id\",\"type\":\"integer\",\"args\":[],\"defaultTo\":null,\"notNullable\":false,\"unsigned\":true},{\"name\":\"folder_order\",\"type\":\"double\",\"args\":[],\"defaultTo\":null,\"notNullable\":false,\"unsigned\":true}]},{\"name\":\"strapi_release_actions_release_links\",\"indexes\":[{\"name\":\"strapi_release_actions_release_links_fk\",\"columns\":[\"release_action_id\"]},{\"name\":\"strapi_release_actions_release_links_inv_fk\",\"columns\":[\"release_id\"]},{\"name\":\"strapi_release_actions_release_links_unique\",\"columns\":[\"release_action_id\",\"release_id\"],\"type\":\"unique\"},{\"name\":\"strapi_release_actions_release_links_order_inv_fk\",\"columns\":[\"release_action_order\"]}],\"foreignKeys\":[{\"name\":\"strapi_release_actions_release_links_fk\",\"columns\":[\"release_action_id\"],\"referencedColumns\":[\"id\"],\"referencedTable\":\"strapi_release_actions\",\"onDelete\":\"CASCADE\"},{\"name\":\"strapi_release_actions_release_links_inv_fk\",\"columns\":[\"release_id\"],\"referencedColumns\":[\"id\"],\"referencedTable\":\"strapi_releases\",\"onDelete\":\"CASCADE\"}],\"columns\":[{\"name\":\"id\",\"type\":\"increments\",\"args\":[{\"primary\":true,\"primaryKey\":true}],\"defaultTo\":null,\"notNullable\":true,\"unsigned\":false},{\"name\":\"release_action_id\",\"type\":\"integer\",\"args\":[],\"defaultTo\":null,\"notNullable\":false,\"unsigned\":true},{\"name\":\"release_id\",\"type\":\"integer\",\"args\":[],\"defaultTo\":null,\"notNullable\":false,\"unsigned\":true},{\"name\":\"release_action_order\",\"type\":\"double\",\"args\":[],\"defaultTo\":null,\"notNullable\":false,\"unsigned\":true}]},{\"name\":\"up_permissions_role_links\",\"indexes\":[{\"name\":\"up_permissions_role_links_fk\",\"columns\":[\"permission_id\"]},{\"name\":\"up_permissions_role_links_inv_fk\",\"columns\":[\"role_id\"]},{\"name\":\"up_permissions_role_links_unique\",\"columns\":[\"permission_id\",\"role_id\"],\"type\":\"unique\"},{\"name\":\"up_permissions_role_links_order_inv_fk\",\"columns\":[\"permission_order\"]}],\"foreignKeys\":[{\"name\":\"up_permissions_role_links_fk\",\"columns\":[\"permission_id\"],\"referencedColumns\":[\"id\"],\"referencedTable\":\"up_permissions\",\"onDelete\":\"CASCADE\"},{\"name\":\"up_permissions_role_links_inv_fk\",\"columns\":[\"role_id\"],\"referencedColumns\":[\"id\"],\"referencedTable\":\"up_roles\",\"onDelete\":\"CASCADE\"}],\"columns\":[{\"name\":\"id\",\"type\":\"increments\",\"args\":[{\"primary\":true,\"primaryKey\":true}],\"defaultTo\":null,\"notNullable\":true,\"unsigned\":false},{\"name\":\"permission_id\",\"type\":\"integer\",\"args\":[],\"defaultTo\":null,\"notNullable\":false,\"unsigned\":true},{\"name\":\"role_id\",\"type\":\"integer\",\"args\":[],\"defaultTo\":null,\"notNullable\":false,\"unsigned\":true},{\"name\":\"permission_order\",\"type\":\"double\",\"args\":[],\"defaultTo\":null,\"notNullable\":false,\"unsigned\":true}]},{\"name\":\"users_role_links\",\"indexes\":[{\"name\":\"users_role_links_fk\",\"columns\":[\"user_id\"]},{\"name\":\"users_role_links_inv_fk\",\"columns\":[\"role_id\"]},{\"name\":\"users_role_links_unique\",\"columns\":[\"user_id\",\"role_id\"],\"type\":\"unique\"},{\"name\":\"users_role_links_order_inv_fk\",\"columns\":[\"user_order\"]}],\"foreignKeys\":[{\"name\":\"users_role_links_fk\",\"columns\":[\"user_id\"],\"referencedColumns\":[\"id\"],\"referencedTable\":\"users\",\"onDelete\":\"CASCADE\"},{\"name\":\"users_role_links_inv_fk\",\"columns\":[\"role_id\"],\"referencedColumns\":[\"id\"],\"referencedTable\":\"up_roles\",\"onDelete\":\"CASCADE\"}],\"columns\":[{\"name\":\"id\",\"type\":\"increments\",\"args\":[{\"primary\":true,\"primaryKey\":true}],\"defaultTo\":null,\"notNullable\":true,\"unsigned\":false},{\"name\":\"user_id\",\"type\":\"integer\",\"args\":[],\"defaultTo\":null,\"notNullable\":false,\"unsigned\":true},{\"name\":\"role_id\",\"type\":\"integer\",\"args\":[],\"defaultTo\":null,\"notNullable\":false,\"unsigned\":true},{\"name\":\"user_order\",\"type\":\"double\",\"args\":[],\"defaultTo\":null,\"notNullable\":false,\"unsigned\":true}]},{\"name\":\"users_brewery_links\",\"indexes\":[{\"name\":\"users_brewery_links_fk\",\"columns\":[\"user_id\"]},{\"name\":\"users_brewery_links_inv_fk\",\"columns\":[\"brewery_id\"]},{\"name\":\"users_brewery_links_unique\",\"columns\":[\"user_id\",\"brewery_id\"],\"type\":\"unique\"},{\"name\":\"users_brewery_links_order_inv_fk\",\"columns\":[\"user_order\"]}],\"foreignKeys\":[{\"name\":\"users_brewery_links_fk\",\"columns\":[\"user_id\"],\"referencedColumns\":[\"id\"],\"referencedTable\":\"users\",\"onDelete\":\"CASCADE\"},{\"name\":\"users_brewery_links_inv_fk\",\"columns\":[\"brewery_id\"],\"referencedColumns\":[\"id\"],\"referencedTable\":\"breweries\",\"onDelete\":\"CASCADE\"}],\"columns\":[{\"name\":\"id\",\"type\":\"increments\",\"args\":[{\"primary\":true,\"primaryKey\":true}],\"defaultTo\":null,\"notNullable\":true,\"unsigned\":false},{\"name\":\"user_id\",\"type\":\"integer\",\"args\":[],\"defaultTo\":null,\"notNullable\":false,\"unsigned\":true},{\"name\":\"brewery_id\",\"type\":\"integer\",\"args\":[],\"defaultTo\":null,\"notNullable\":false,\"unsigned\":true},{\"name\":\"user_order\",\"type\":\"double\",\"args\":[],\"defaultTo\":null,\"notNullable\":false,\"unsigned\":true}]},{\"name\":\"connected_kegs_product_links\",\"indexes\":[{\"name\":\"connected_kegs_product_links_fk\",\"columns\":[\"connected_keg_id\"]},{\"name\":\"connected_kegs_product_links_inv_fk\",\"columns\":[\"product_id\"]},{\"name\":\"connected_kegs_product_links_unique\",\"columns\":[\"connected_keg_id\",\"product_id\"],\"type\":\"unique\"},{\"name\":\"connected_kegs_product_links_order_inv_fk\",\"columns\":[\"connected_keg_order\"]}],\"foreignKeys\":[{\"name\":\"connected_kegs_product_links_fk\",\"columns\":[\"connected_keg_id\"],\"referencedColumns\":[\"id\"],\"referencedTable\":\"connected_kegs\",\"onDelete\":\"CASCADE\"},{\"name\":\"connected_kegs_product_links_inv_fk\",\"columns\":[\"product_id\"],\"referencedColumns\":[\"id\"],\"referencedTable\":\"products\",\"onDelete\":\"CASCADE\"}],\"columns\":[{\"name\":\"id\",\"type\":\"increments\",\"args\":[{\"primary\":true,\"primaryKey\":true}],\"defaultTo\":null,\"notNullable\":true,\"unsigned\":false},{\"name\":\"connected_keg_id\",\"type\":\"integer\",\"args\":[],\"defaultTo\":null,\"notNullable\":false,\"unsigned\":true},{\"name\":\"product_id\",\"type\":\"integer\",\"args\":[],\"defaultTo\":null,\"notNullable\":false,\"unsigned\":true},{\"name\":\"connected_keg_order\",\"type\":\"double\",\"args\":[],\"defaultTo\":null,\"notNullable\":false,\"unsigned\":true}]},{\"name\":\"connected_kegs_brewery_links\",\"indexes\":[{\"name\":\"connected_kegs_brewery_links_fk\",\"columns\":[\"connected_keg_id\"]},{\"name\":\"connected_kegs_brewery_links_inv_fk\",\"columns\":[\"brewery_id\"]},{\"name\":\"connected_kegs_brewery_links_unique\",\"columns\":[\"connected_keg_id\",\"brewery_id\"],\"type\":\"unique\"},{\"name\":\"connected_kegs_brewery_links_order_inv_fk\",\"columns\":[\"connected_keg_order\"]}],\"foreignKeys\":[{\"name\":\"connected_kegs_brewery_links_fk\",\"columns\":[\"connected_keg_id\"],\"referencedColumns\":[\"id\"],\"referencedTable\":\"connected_kegs\",\"onDelete\":\"CASCADE\"},{\"name\":\"connected_kegs_brewery_links_inv_fk\",\"columns\":[\"brewery_id\"],\"referencedColumns\":[\"id\"],\"referencedTable\":\"breweries\",\"onDelete\":\"CASCADE\"}],\"columns\":[{\"name\":\"id\",\"type\":\"increments\",\"args\":[{\"primary\":true,\"primaryKey\":true}],\"defaultTo\":null,\"notNullable\":true,\"unsigned\":false},{\"name\":\"connected_keg_id\",\"type\":\"integer\",\"args\":[],\"defaultTo\":null,\"notNullable\":false,\"unsigned\":true},{\"name\":\"brewery_id\",\"type\":\"integer\",\"args\":[],\"defaultTo\":null,\"notNullable\":false,\"unsigned\":true},{\"name\":\"connected_keg_order\",\"type\":\"double\",\"args\":[],\"defaultTo\":null,\"notNullable\":false,\"unsigned\":true}]},{\"name\":\"orders_brewery_links\",\"indexes\":[{\"name\":\"orders_brewery_links_fk\",\"columns\":[\"order_id\"]},{\"name\":\"orders_brewery_links_inv_fk\",\"columns\":[\"brewery_id\"]},{\"name\":\"orders_brewery_links_unique\",\"columns\":[\"order_id\",\"brewery_id\"],\"type\":\"unique\"},{\"name\":\"orders_brewery_links_order_inv_fk\",\"columns\":[\"order_order\"]}],\"foreignKeys\":[{\"name\":\"orders_brewery_links_fk\",\"columns\":[\"order_id\"],\"referencedColumns\":[\"id\"],\"referencedTable\":\"orders\",\"onDelete\":\"CASCADE\"},{\"name\":\"orders_brewery_links_inv_fk\",\"columns\":[\"brewery_id\"],\"referencedColumns\":[\"id\"],\"referencedTable\":\"breweries\",\"onDelete\":\"CASCADE\"}],\"columns\":[{\"name\":\"id\",\"type\":\"increments\",\"args\":[{\"primary\":true,\"primaryKey\":true}],\"defaultTo\":null,\"notNullable\":true,\"unsigned\":false},{\"name\":\"order_id\",\"type\":\"integer\",\"args\":[],\"defaultTo\":null,\"notNullable\":false,\"unsigned\":true},{\"name\":\"brewery_id\",\"type\":\"integer\",\"args\":[],\"defaultTo\":null,\"notNullable\":false,\"unsigned\":true},{\"name\":\"order_order\",\"type\":\"double\",\"args\":[],\"defaultTo\":null,\"notNullable\":false,\"unsigned\":true}]},{\"name\":\"order_items_order_links\",\"indexes\":[{\"name\":\"order_items_order_links_fk\",\"columns\":[\"order_item_id\"]},{\"name\":\"order_items_order_links_inv_fk\",\"columns\":[\"order_id\"]},{\"name\":\"order_items_order_links_unique\",\"columns\":[\"order_item_id\",\"order_id\"],\"type\":\"unique\"},{\"name\":\"order_items_order_links_order_inv_fk\",\"columns\":[\"order_item_order\"]}],\"foreignKeys\":[{\"name\":\"order_items_order_links_fk\",\"columns\":[\"order_item_id\"],\"referencedColumns\":[\"id\"],\"referencedTable\":\"order_items\",\"onDelete\":\"CASCADE\"},{\"name\":\"order_items_order_links_inv_fk\",\"columns\":[\"order_id\"],\"referencedColumns\":[\"id\"],\"referencedTable\":\"orders\",\"onDelete\":\"CASCADE\"}],\"columns\":[{\"name\":\"id\",\"type\":\"increments\",\"args\":[{\"primary\":true,\"primaryKey\":true}],\"defaultTo\":null,\"notNullable\":true,\"unsigned\":false},{\"name\":\"order_item_id\",\"type\":\"integer\",\"args\":[],\"defaultTo\":null,\"notNullable\":false,\"unsigned\":true},{\"name\":\"order_id\",\"type\":\"integer\",\"args\":[],\"defaultTo\":null,\"notNullable\":false,\"unsigned\":true},{\"name\":\"order_item_order\",\"type\":\"double\",\"args\":[],\"defaultTo\":null,\"notNullable\":false,\"unsigned\":true}]},{\"name\":\"order_items_product_links\",\"indexes\":[{\"name\":\"order_items_product_links_fk\",\"columns\":[\"order_item_id\"]},{\"name\":\"order_items_product_links_inv_fk\",\"columns\":[\"product_id\"]},{\"name\":\"order_items_product_links_unique\",\"columns\":[\"order_item_id\",\"product_id\"],\"type\":\"unique\"},{\"name\":\"order_items_product_links_order_inv_fk\",\"columns\":[\"order_item_order\"]}],\"foreignKeys\":[{\"name\":\"order_items_product_links_fk\",\"columns\":[\"order_item_id\"],\"referencedColumns\":[\"id\"],\"referencedTable\":\"order_items\",\"onDelete\":\"CASCADE\"},{\"name\":\"order_items_product_links_inv_fk\",\"columns\":[\"product_id\"],\"referencedColumns\":[\"id\"],\"referencedTable\":\"products\",\"onDelete\":\"CASCADE\"}],\"columns\":[{\"name\":\"id\",\"type\":\"increments\",\"args\":[{\"primary\":true,\"primaryKey\":true}],\"defaultTo\":null,\"notNullable\":true,\"unsigned\":false},{\"name\":\"order_item_id\",\"type\":\"integer\",\"args\":[],\"defaultTo\":null,\"notNullable\":false,\"unsigned\":true},{\"name\":\"product_id\",\"type\":\"integer\",\"args\":[],\"defaultTo\":null,\"notNullable\":false,\"unsigned\":true},{\"name\":\"order_item_order\",\"type\":\"double\",\"args\":[],\"defaultTo\":null,\"notNullable\":false,\"unsigned\":true}]},{\"name\":\"order_items_connected_keg_links\",\"indexes\":[{\"name\":\"order_items_connected_keg_links_fk\",\"columns\":[\"order_item_id\"]},{\"name\":\"order_items_connected_keg_links_inv_fk\",\"columns\":[\"connected_keg_id\"]},{\"name\":\"order_items_connected_keg_links_unique\",\"columns\":[\"order_item_id\",\"connected_keg_id\"],\"type\":\"unique\"},{\"name\":\"order_items_connected_keg_links_order_inv_fk\",\"columns\":[\"order_item_order\"]}],\"foreignKeys\":[{\"name\":\"order_items_connected_keg_links_fk\",\"columns\":[\"order_item_id\"],\"referencedColumns\":[\"id\"],\"referencedTable\":\"order_items\",\"onDelete\":\"CASCADE\"},{\"name\":\"order_items_connected_keg_links_inv_fk\",\"columns\":[\"connected_keg_id\"],\"referencedColumns\":[\"id\"],\"referencedTable\":\"connected_kegs\",\"onDelete\":\"CASCADE\"}],\"columns\":[{\"name\":\"id\",\"type\":\"increments\",\"args\":[{\"primary\":true,\"primaryKey\":true}],\"defaultTo\":null,\"notNullable\":true,\"unsigned\":false},{\"name\":\"order_item_id\",\"type\":\"integer\",\"args\":[],\"defaultTo\":null,\"notNullable\":false,\"unsigned\":true},{\"name\":\"connected_keg_id\",\"type\":\"integer\",\"args\":[],\"defaultTo\":null,\"notNullable\":false,\"unsigned\":true},{\"name\":\"order_item_order\",\"type\":\"double\",\"args\":[],\"defaultTo\":null,\"notNullable\":false,\"unsigned\":true}]},{\"name\":\"payments_components\",\"indexes\":[{\"name\":\"payments_field_index\",\"columns\":[\"field\"]},{\"name\":\"payments_component_type_index\",\"columns\":[\"component_type\"]},{\"name\":\"payments_entity_fk\",\"columns\":[\"entity_id\"]},{\"name\":\"payments_unique\",\"columns\":[\"entity_id\",\"component_id\",\"field\",\"component_type\"],\"type\":\"unique\"}],\"foreignKeys\":[{\"name\":\"payments_entity_fk\",\"columns\":[\"entity_id\"],\"referencedColumns\":[\"id\"],\"referencedTable\":\"payments\",\"onDelete\":\"CASCADE\"}],\"columns\":[{\"name\":\"id\",\"type\":\"increments\",\"args\":[{\"primary\":true,\"primaryKey\":true}],\"defaultTo\":null,\"notNullable\":true,\"unsigned\":false},{\"name\":\"entity_id\",\"type\":\"integer\",\"args\":[],\"defaultTo\":null,\"notNullable\":false,\"unsigned\":true},{\"name\":\"component_id\",\"type\":\"integer\",\"args\":[],\"defaultTo\":null,\"notNullable\":false,\"unsigned\":true},{\"name\":\"component_type\",\"type\":\"string\",\"args\":[],\"defaultTo\":null,\"notNullable\":false,\"unsigned\":false},{\"name\":\"field\",\"type\":\"string\",\"args\":[],\"defaultTo\":null,\"notNullable\":false,\"unsigned\":false},{\"name\":\"order\",\"type\":\"double\",\"args\":[],\"defaultTo\":null,\"notNullable\":false,\"unsigned\":true}]},{\"name\":\"payments_order_links\",\"indexes\":[{\"name\":\"payments_order_links_fk\",\"columns\":[\"payment_id\"]},{\"name\":\"payments_order_links_inv_fk\",\"columns\":[\"order_id\"]},{\"name\":\"payments_order_links_unique\",\"columns\":[\"payment_id\",\"order_id\"],\"type\":\"unique\"},{\"name\":\"payments_order_links_order_inv_fk\",\"columns\":[\"payment_order\"]}],\"foreignKeys\":[{\"name\":\"payments_order_links_fk\",\"columns\":[\"payment_id\"],\"referencedColumns\":[\"id\"],\"referencedTable\":\"payments\",\"onDelete\":\"CASCADE\"},{\"name\":\"payments_order_links_inv_fk\",\"columns\":[\"order_id\"],\"referencedColumns\":[\"id\"],\"referencedTable\":\"orders\",\"onDelete\":\"CASCADE\"}],\"columns\":[{\"name\":\"id\",\"type\":\"increments\",\"args\":[{\"primary\":true,\"primaryKey\":true}],\"defaultTo\":null,\"notNullable\":true,\"unsigned\":false},{\"name\":\"payment_id\",\"type\":\"integer\",\"args\":[],\"defaultTo\":null,\"notNullable\":false,\"unsigned\":true},{\"name\":\"order_id\",\"type\":\"integer\",\"args\":[],\"defaultTo\":null,\"notNullable\":false,\"unsigned\":true},{\"name\":\"payment_order\",\"type\":\"double\",\"args\":[],\"defaultTo\":null,\"notNullable\":false,\"unsigned\":true}]},{\"name\":\"products_brewery_links\",\"indexes\":[{\"name\":\"products_brewery_links_fk\",\"columns\":[\"product_id\"]},{\"name\":\"products_brewery_links_inv_fk\",\"columns\":[\"brewery_id\"]},{\"name\":\"products_brewery_links_unique\",\"columns\":[\"product_id\",\"brewery_id\"],\"type\":\"unique\"},{\"name\":\"products_brewery_links_order_inv_fk\",\"columns\":[\"product_order\"]}],\"foreignKeys\":[{\"name\":\"products_brewery_links_fk\",\"columns\":[\"product_id\"],\"referencedColumns\":[\"id\"],\"referencedTable\":\"products\",\"onDelete\":\"CASCADE\"},{\"name\":\"products_brewery_links_inv_fk\",\"columns\":[\"brewery_id\"],\"referencedColumns\":[\"id\"],\"referencedTable\":\"breweries\",\"onDelete\":\"CASCADE\"}],\"columns\":[{\"name\":\"id\",\"type\":\"increments\",\"args\":[{\"primary\":true,\"primaryKey\":true}],\"defaultTo\":null,\"notNullable\":true,\"unsigned\":false},{\"name\":\"product_id\",\"type\":\"integer\",\"args\":[],\"defaultTo\":null,\"notNullable\":false,\"unsigned\":true},{\"name\":\"brewery_id\",\"type\":\"integer\",\"args\":[],\"defaultTo\":null,\"notNullable\":false,\"unsigned\":true},{\"name\":\"product_order\",\"type\":\"double\",\"args\":[],\"defaultTo\":null,\"notNullable\":false,\"unsigned\":true}]},{\"name\":\"stock_movements_product_links\",\"indexes\":[{\"name\":\"stock_movements_product_links_fk\",\"columns\":[\"stock_movement_id\"]},{\"name\":\"stock_movements_product_links_inv_fk\",\"columns\":[\"product_id\"]},{\"name\":\"stock_movements_product_links_unique\",\"columns\":[\"stock_movement_id\",\"product_id\"],\"type\":\"unique\"},{\"name\":\"stock_movements_product_links_order_inv_fk\",\"columns\":[\"stock_movement_order\"]}],\"foreignKeys\":[{\"name\":\"stock_movements_product_links_fk\",\"columns\":[\"stock_movement_id\"],\"referencedColumns\":[\"id\"],\"referencedTable\":\"stock_movements\",\"onDelete\":\"CASCADE\"},{\"name\":\"stock_movements_product_links_inv_fk\",\"columns\":[\"product_id\"],\"referencedColumns\":[\"id\"],\"referencedTable\":\"products\",\"onDelete\":\"CASCADE\"}],\"columns\":[{\"name\":\"id\",\"type\":\"increments\",\"args\":[{\"primary\":true,\"primaryKey\":true}],\"defaultTo\":null,\"notNullable\":true,\"unsigned\":false},{\"name\":\"stock_movement_id\",\"type\":\"integer\",\"args\":[],\"defaultTo\":null,\"notNullable\":false,\"unsigned\":true},{\"name\":\"product_id\",\"type\":\"integer\",\"args\":[],\"defaultTo\":null,\"notNullable\":false,\"unsigned\":true},{\"name\":\"stock_movement_order\",\"type\":\"double\",\"args\":[],\"defaultTo\":null,\"notNullable\":false,\"unsigned\":true}]},{\"name\":\"stock_movements_brewery_links\",\"indexes\":[{\"name\":\"stock_movements_brewery_links_fk\",\"columns\":[\"stock_movement_id\"]},{\"name\":\"stock_movements_brewery_links_inv_fk\",\"columns\":[\"brewery_id\"]},{\"name\":\"stock_movements_brewery_links_unique\",\"columns\":[\"stock_movement_id\",\"brewery_id\"],\"type\":\"unique\"},{\"name\":\"stock_movements_brewery_links_order_inv_fk\",\"columns\":[\"stock_movement_order\"]}],\"foreignKeys\":[{\"name\":\"stock_movements_brewery_links_fk\",\"columns\":[\"stock_movement_id\"],\"referencedColumns\":[\"id\"],\"referencedTable\":\"stock_movements\",\"onDelete\":\"CASCADE\"},{\"name\":\"stock_movements_brewery_links_inv_fk\",\"columns\":[\"brewery_id\"],\"referencedColumns\":[\"id\"],\"referencedTable\":\"breweries\",\"onDelete\":\"CASCADE\"}],\"columns\":[{\"name\":\"id\",\"type\":\"increments\",\"args\":[{\"primary\":true,\"primaryKey\":true}],\"defaultTo\":null,\"notNullable\":true,\"unsigned\":false},{\"name\":\"stock_movement_id\",\"type\":\"integer\",\"args\":[],\"defaultTo\":null,\"notNullable\":false,\"unsigned\":true},{\"name\":\"brewery_id\",\"type\":\"integer\",\"args\":[],\"defaultTo\":null,\"notNullable\":false,\"unsigned\":true},{\"name\":\"stock_movement_order\",\"type\":\"double\",\"args\":[],\"defaultTo\":null,\"notNullable\":false,\"unsigned\":true}]},{\"name\":\"components_payment_allocations_order_item_links\",\"indexes\":[{\"name\":\"components_payment_allocations_order_item_links_fk\",\"columns\":[\"allocation_id\"]},{\"name\":\"components_payment_allocations_order_item_links_inv_fk\",\"columns\":[\"order_item_id\"]},{\"name\":\"components_payment_allocations_order_item_links_unique\",\"columns\":[\"allocation_id\",\"order_item_id\"],\"type\":\"unique\"}],\"foreignKeys\":[{\"name\":\"components_payment_allocations_order_item_links_fk\",\"columns\":[\"allocation_id\"],\"referencedColumns\":[\"id\"],\"referencedTable\":\"components_payment_allocations\",\"onDelete\":\"CASCADE\"},{\"name\":\"components_payment_allocations_order_item_links_inv_fk\",\"columns\":[\"order_item_id\"],\"referencedColumns\":[\"id\"],\"referencedTable\":\"order_items\",\"onDelete\":\"CASCADE\"}],\"columns\":[{\"name\":\"id\",\"type\":\"increments\",\"args\":[{\"primary\":true,\"primaryKey\":true}],\"defaultTo\":null,\"notNullable\":true,\"unsigned\":false},{\"name\":\"allocation_id\",\"type\":\"integer\",\"args\":[],\"defaultTo\":null,\"notNullable\":false,\"unsigned\":true},{\"name\":\"order_item_id\",\"type\":\"integer\",\"args\":[],\"defaultTo\":null,\"notNullable\":false,\"unsigned\":true}]}]}', '2025-08-10 19:56:13', '2fdda23b11d9b4fe635398d23733cb86');

-- --------------------------------------------------------

--
-- Struttura della tabella `strapi_migrations`
--

CREATE TABLE `strapi_migrations` (
  `id` int(10) UNSIGNED NOT NULL,
  `name` varchar(255) DEFAULT NULL,
  `time` datetime DEFAULT NULL
) ENGINE=InnoDB DEFAULT CHARSET=utf8;

-- --------------------------------------------------------

--
-- Struttura della tabella `strapi_releases`
--

CREATE TABLE `strapi_releases` (
  `id` int(10) UNSIGNED NOT NULL,
  `name` varchar(255) DEFAULT NULL,
  `released_at` datetime(6) DEFAULT NULL,
  `scheduled_at` datetime(6) DEFAULT NULL,
  `timezone` varchar(255) DEFAULT NULL,
  `status` varchar(255) DEFAULT NULL,
  `created_at` datetime(6) DEFAULT NULL,
  `updated_at` datetime(6) DEFAULT NULL,
  `created_by_id` int(10) UNSIGNED DEFAULT NULL,
  `updated_by_id` int(10) UNSIGNED DEFAULT NULL
) ENGINE=InnoDB DEFAULT CHARSET=utf8;

-- --------------------------------------------------------

--
-- Struttura della tabella `strapi_release_actions`
--

CREATE TABLE `strapi_release_actions` (
  `id` int(10) UNSIGNED NOT NULL,
  `type` varchar(255) DEFAULT NULL,
  `target_id` int(10) UNSIGNED DEFAULT NULL,
  `target_type` varchar(255) DEFAULT NULL,
  `content_type` varchar(255) DEFAULT NULL,
  `locale` varchar(255) DEFAULT NULL,
  `is_entry_valid` tinyint(1) DEFAULT NULL,
  `created_at` datetime(6) DEFAULT NULL,
  `updated_at` datetime(6) DEFAULT NULL,
  `created_by_id` int(10) UNSIGNED DEFAULT NULL,
  `updated_by_id` int(10) UNSIGNED DEFAULT NULL
) ENGINE=InnoDB DEFAULT CHARSET=utf8;

-- --------------------------------------------------------

--
-- Struttura della tabella `strapi_release_actions_release_links`
--

CREATE TABLE `strapi_release_actions_release_links` (
  `id` int(10) UNSIGNED NOT NULL,
  `release_action_id` int(10) UNSIGNED DEFAULT NULL,
  `release_id` int(10) UNSIGNED DEFAULT NULL,
  `release_action_order` double UNSIGNED DEFAULT NULL
) ENGINE=InnoDB DEFAULT CHARSET=utf8;

-- --------------------------------------------------------

--
-- Struttura della tabella `strapi_transfer_tokens`
--

CREATE TABLE `strapi_transfer_tokens` (
  `id` int(10) UNSIGNED NOT NULL,
  `name` varchar(255) DEFAULT NULL,
  `description` varchar(255) DEFAULT NULL,
  `access_key` varchar(255) DEFAULT NULL,
  `last_used_at` datetime(6) DEFAULT NULL,
  `expires_at` datetime(6) DEFAULT NULL,
  `lifespan` bigint(20) DEFAULT NULL,
  `created_at` datetime(6) DEFAULT NULL,
  `updated_at` datetime(6) DEFAULT NULL,
  `created_by_id` int(10) UNSIGNED DEFAULT NULL,
  `updated_by_id` int(10) UNSIGNED DEFAULT NULL
) ENGINE=InnoDB DEFAULT CHARSET=utf8;

-- --------------------------------------------------------

--
-- Struttura della tabella `strapi_transfer_token_permissions`
--

CREATE TABLE `strapi_transfer_token_permissions` (
  `id` int(10) UNSIGNED NOT NULL,
  `action` varchar(255) DEFAULT NULL,
  `created_at` datetime(6) DEFAULT NULL,
  `updated_at` datetime(6) DEFAULT NULL,
  `created_by_id` int(10) UNSIGNED DEFAULT NULL,
  `updated_by_id` int(10) UNSIGNED DEFAULT NULL
) ENGINE=InnoDB DEFAULT CHARSET=utf8;

-- --------------------------------------------------------

--
-- Struttura della tabella `strapi_transfer_token_permissions_token_links`
--

CREATE TABLE `strapi_transfer_token_permissions_token_links` (
  `id` int(10) UNSIGNED NOT NULL,
  `transfer_token_permission_id` int(10) UNSIGNED DEFAULT NULL,
  `transfer_token_id` int(10) UNSIGNED DEFAULT NULL,
  `transfer_token_permission_order` double UNSIGNED DEFAULT NULL
) ENGINE=InnoDB DEFAULT CHARSET=utf8;

-- --------------------------------------------------------

--
-- Struttura della tabella `strapi_webhooks`
--

CREATE TABLE `strapi_webhooks` (
  `id` int(10) UNSIGNED NOT NULL,
  `name` varchar(255) DEFAULT NULL,
  `url` longtext DEFAULT NULL,
  `headers` longtext CHARACTER SET utf8mb4 COLLATE utf8mb4_bin DEFAULT NULL CHECK (json_valid(`headers`)),
  `events` longtext CHARACTER SET utf8mb4 COLLATE utf8mb4_bin DEFAULT NULL CHECK (json_valid(`events`)),
  `enabled` tinyint(1) DEFAULT NULL
) ENGINE=InnoDB DEFAULT CHARSET=utf8;

-- --------------------------------------------------------

--
-- Struttura della tabella `upload_folders`
--

CREATE TABLE `upload_folders` (
  `id` int(10) UNSIGNED NOT NULL,
  `name` varchar(255) DEFAULT NULL,
  `path_id` int(11) DEFAULT NULL,
  `path` varchar(255) DEFAULT NULL,
  `created_at` datetime(6) DEFAULT NULL,
  `updated_at` datetime(6) DEFAULT NULL,
  `created_by_id` int(10) UNSIGNED DEFAULT NULL,
  `updated_by_id` int(10) UNSIGNED DEFAULT NULL
) ENGINE=InnoDB DEFAULT CHARSET=utf8;

-- --------------------------------------------------------

--
-- Struttura della tabella `upload_folders_parent_links`
--

CREATE TABLE `upload_folders_parent_links` (
  `id` int(10) UNSIGNED NOT NULL,
  `folder_id` int(10) UNSIGNED DEFAULT NULL,
  `inv_folder_id` int(10) UNSIGNED DEFAULT NULL,
  `folder_order` double UNSIGNED DEFAULT NULL
) ENGINE=InnoDB DEFAULT CHARSET=utf8;

-- --------------------------------------------------------

--
-- Struttura della tabella `up_permissions`
--

CREATE TABLE `up_permissions` (
  `id` int(10) UNSIGNED NOT NULL,
  `action` varchar(255) DEFAULT NULL,
  `created_at` datetime(6) DEFAULT NULL,
  `updated_at` datetime(6) DEFAULT NULL,
  `created_by_id` int(10) UNSIGNED DEFAULT NULL,
  `updated_by_id` int(10) UNSIGNED DEFAULT NULL
) ENGINE=InnoDB DEFAULT CHARSET=utf8;

--
-- Dump dei dati per la tabella `up_permissions`
--

INSERT INTO `up_permissions` (`id`, `action`, `created_at`, `updated_at`, `created_by_id`, `updated_by_id`) VALUES
(1, 'plugin::users-permissions.user.me', '2025-07-18 15:46:46.348000', '2025-07-18 15:46:46.348000', NULL, NULL),
(2, 'plugin::users-permissions.auth.changePassword', '2025-07-18 15:46:46.348000', '2025-07-18 15:46:46.348000', NULL, NULL),
(3, 'plugin::users-permissions.auth.callback', '2025-07-18 15:46:46.374000', '2025-07-18 15:46:46.374000', NULL, NULL),
(4, 'plugin::users-permissions.auth.connect', '2025-07-18 15:46:46.374000', '2025-07-18 15:46:46.374000', NULL, NULL),
(5, 'plugin::users-permissions.auth.forgotPassword', '2025-07-18 15:46:46.374000', '2025-07-18 15:46:46.374000', NULL, NULL),
(6, 'plugin::users-permissions.auth.resetPassword', '2025-07-18 15:46:46.374000', '2025-07-18 15:46:46.374000', NULL, NULL),
(7, 'plugin::users-permissions.auth.register', '2025-07-18 15:46:46.374000', '2025-07-18 15:46:46.374000', NULL, NULL),
(8, 'plugin::users-permissions.auth.emailConfirmation', '2025-07-18 15:46:46.374000', '2025-07-18 15:46:46.374000', NULL, NULL),
(9, 'plugin::users-permissions.auth.sendEmailConfirmation', '2025-07-18 15:46:46.374000', '2025-07-18 15:46:46.374000', NULL, NULL),
(10, 'api::connected-keg.connected-keg.find', '2025-07-21 20:23:28.108000', '2025-07-21 20:23:28.108000', NULL, NULL),
(11, 'api::connected-keg.connected-keg.findOne', '2025-07-21 20:23:28.108000', '2025-07-21 20:23:28.108000', NULL, NULL),
(12, 'api::connected-keg.connected-keg.create', '2025-07-21 20:23:28.108000', '2025-07-21 20:23:28.108000', NULL, NULL),
(13, 'api::connected-keg.connected-keg.update', '2025-07-21 20:23:28.108000', '2025-07-21 20:23:28.108000', NULL, NULL),
(14, 'api::connected-keg.connected-keg.delete', '2025-07-21 20:23:28.108000', '2025-07-21 20:23:28.108000', NULL, NULL),
(15, 'api::product.product.find', '2025-07-21 20:23:28.108000', '2025-07-21 20:23:28.108000', NULL, NULL),
(16, 'api::product.product.findOne', '2025-07-21 20:23:28.108000', '2025-07-21 20:23:28.108000', NULL, NULL),
(17, 'api::product.product.create', '2025-07-21 20:23:28.108000', '2025-07-21 20:23:28.108000', NULL, NULL),
(18, 'api::product.product.update', '2025-07-21 20:23:28.108000', '2025-07-21 20:23:28.108000', NULL, NULL),
(19, 'api::product.product.delete', '2025-07-21 20:23:28.108000', '2025-07-21 20:23:28.108000', NULL, NULL),
(20, 'api::stock-movement.stock-movement.find', '2025-07-21 20:23:28.108000', '2025-07-21 20:23:28.108000', NULL, NULL),
(21, 'api::stock-movement.stock-movement.findOne', '2025-07-21 20:23:28.108000', '2025-07-21 20:23:28.108000', NULL, NULL),
(22, 'api::stock-movement.stock-movement.create', '2025-07-21 20:23:28.108000', '2025-07-21 20:23:28.108000', NULL, NULL),
(23, 'api::stock-movement.stock-movement.update', '2025-07-21 20:23:28.108000', '2025-07-21 20:23:28.108000', NULL, NULL),
(24, 'api::stock-movement.stock-movement.delete', '2025-07-21 20:23:28.108000', '2025-07-21 20:23:28.108000', NULL, NULL),
(25, 'api::brewery.brewery.find', '2025-07-21 21:04:19.221000', '2025-07-21 21:04:19.221000', NULL, NULL),
(26, 'api::brewery.brewery.findOne', '2025-07-21 21:04:19.221000', '2025-07-21 21:04:19.221000', NULL, NULL),
(27, 'api::brewery.brewery.create', '2025-07-21 21:04:19.221000', '2025-07-21 21:04:19.221000', NULL, NULL),
(28, 'api::brewery.brewery.update', '2025-07-21 21:04:19.221000', '2025-07-21 21:04:19.221000', NULL, NULL),
(29, 'api::brewery.brewery.delete', '2025-07-21 21:04:19.221000', '2025-07-21 21:04:19.221000', NULL, NULL),
(30, 'api::order.order.find', '2025-08-10 17:13:20.249000', '2025-08-10 17:13:20.249000', NULL, NULL),
(31, 'api::order.order.create', '2025-08-10 17:13:20.249000', '2025-08-10 17:13:20.249000', NULL, NULL),
(32, 'api::order.order.findOne', '2025-08-10 17:13:20.249000', '2025-08-10 17:13:20.249000', NULL, NULL),
(33, 'api::order.order.update', '2025-08-10 17:13:20.249000', '2025-08-10 17:13:20.249000', NULL, NULL),
(34, 'api::order.order.delete', '2025-08-10 17:13:20.249000', '2025-08-10 17:13:20.249000', NULL, NULL),
(35, 'api::order-item.order-item.find', '2025-08-10 17:13:28.033000', '2025-08-10 17:13:28.033000', NULL, NULL),
(36, 'api::order-item.order-item.findOne', '2025-08-10 17:13:28.033000', '2025-08-10 17:13:28.033000', NULL, NULL),
(37, 'api::order-item.order-item.create', '2025-08-10 17:13:28.033000', '2025-08-10 17:13:28.033000', NULL, NULL),
(38, 'api::order-item.order-item.update', '2025-08-10 17:13:28.033000', '2025-08-10 17:13:28.033000', NULL, NULL),
(39, 'api::order-item.order-item.delete', '2025-08-10 17:13:28.033000', '2025-08-10 17:13:28.033000', NULL, NULL),
(40, 'api::order.order.open', '2025-08-10 17:43:05.207000', '2025-08-10 17:43:05.207000', NULL, NULL),
(41, 'api::order.order.addItem', '2025-08-10 17:43:05.207000', '2025-08-10 17:43:05.207000', NULL, NULL),
(42, 'api::order.order.close', '2025-08-10 17:43:05.207000', '2025-08-10 17:43:05.207000', NULL, NULL),
(43, 'api::payment.payment.createForOrder', '2025-08-10 19:58:15.911000', '2025-08-10 19:58:15.911000', NULL, NULL),
(44, 'api::payment.payment.findForOrder', '2025-08-10 19:58:15.911000', '2025-08-10 19:58:15.911000', NULL, NULL),
(45, 'api::payment.payment.void', '2025-08-10 19:58:15.911000', '2025-08-10 19:58:15.911000', NULL, NULL),
(46, 'api::payment.payment.find', '2025-08-10 19:58:15.911000', '2025-08-10 19:58:15.911000', NULL, NULL),
(47, 'api::payment.payment.findOne', '2025-08-10 19:58:15.911000', '2025-08-10 19:58:15.911000', NULL, NULL),
(48, 'api::payment.payment.create', '2025-08-10 19:58:15.911000', '2025-08-10 19:58:15.911000', NULL, NULL),
(49, 'api::payment.payment.update', '2025-08-10 19:58:15.911000', '2025-08-10 19:58:15.911000', NULL, NULL),
(50, 'api::payment.payment.delete', '2025-08-10 19:58:15.911000', '2025-08-10 19:58:15.911000', NULL, NULL);

-- --------------------------------------------------------

--
-- Struttura della tabella `up_permissions_role_links`
--

CREATE TABLE `up_permissions_role_links` (
  `id` int(10) UNSIGNED NOT NULL,
  `permission_id` int(10) UNSIGNED DEFAULT NULL,
  `role_id` int(10) UNSIGNED DEFAULT NULL,
  `permission_order` double UNSIGNED DEFAULT NULL
) ENGINE=InnoDB DEFAULT CHARSET=utf8;

--
-- Dump dei dati per la tabella `up_permissions_role_links`
--

INSERT INTO `up_permissions_role_links` (`id`, `permission_id`, `role_id`, `permission_order`) VALUES
(1, 1, 1, 1),
(2, 2, 1, 2),
(3, 3, 2, 1),
(4, 5, 2, 2),
(5, 4, 2, 2),
(6, 6, 2, 2),
(7, 7, 2, 2),
(8, 8, 2, 2),
(9, 9, 2, 2),
(10, 10, 1, 3),
(11, 11, 1, 3),
(12, 12, 1, 3),
(13, 14, 1, 3),
(14, 13, 1, 3),
(15, 18, 1, 3),
(16, 22, 1, 3),
(17, 15, 1, 3),
(18, 16, 1, 3),
(19, 17, 1, 4),
(20, 20, 1, 5),
(21, 23, 1, 5),
(22, 19, 1, 4),
(23, 21, 1, 5),
(24, 24, 1, 4),
(25, 25, 1, 6),
(26, 28, 1, 6),
(27, 26, 1, 6),
(28, 27, 1, 6),
(29, 29, 1, 6),
(30, 30, 1, 7),
(31, 31, 1, 7),
(32, 33, 1, 8),
(33, 34, 1, 8),
(34, 32, 1, 8),
(35, 35, 1, 9),
(36, 36, 1, 9),
(37, 38, 1, 10),
(38, 39, 1, 11),
(39, 37, 1, 11),
(40, 41, 1, 12),
(41, 40, 1, 12),
(42, 42, 1, 12),
(43, 43, 1, 13),
(44, 44, 1, 13),
(45, 50, 1, 13),
(46, 45, 1, 13),
(47, 48, 1, 14),
(48, 47, 1, 14),
(49, 49, 1, 14),
(50, 46, 1, 15);

-- --------------------------------------------------------

--
-- Struttura della tabella `up_roles`
--

CREATE TABLE `up_roles` (
  `id` int(10) UNSIGNED NOT NULL,
  `name` varchar(255) DEFAULT NULL,
  `description` varchar(255) DEFAULT NULL,
  `type` varchar(255) DEFAULT NULL,
  `created_at` datetime(6) DEFAULT NULL,
  `updated_at` datetime(6) DEFAULT NULL,
  `created_by_id` int(10) UNSIGNED DEFAULT NULL,
  `updated_by_id` int(10) UNSIGNED DEFAULT NULL
) ENGINE=InnoDB DEFAULT CHARSET=utf8;

--
-- Dump dei dati per la tabella `up_roles`
--

INSERT INTO `up_roles` (`id`, `name`, `description`, `type`, `created_at`, `updated_at`, `created_by_id`, `updated_by_id`) VALUES
(1, 'Authenticated', 'Default role given to authenticated user.', 'authenticated', '2025-07-18 15:46:46.339000', '2025-08-10 19:58:15.901000', NULL, NULL),
(2, 'Public', 'Default role given to unauthenticated user.', 'public', '2025-07-18 15:46:46.342000', '2025-07-18 15:46:46.342000', NULL, NULL);

-- --------------------------------------------------------

--
-- Struttura della tabella `users`
--

CREATE TABLE `users` (
  `id` int(10) UNSIGNED NOT NULL,
  `username` varchar(255) DEFAULT NULL,
  `email` varchar(255) DEFAULT NULL,
  `provider` varchar(255) DEFAULT NULL,
  `password` varchar(255) DEFAULT NULL,
  `reset_password_token` varchar(255) DEFAULT NULL,
  `confirmation_token` varchar(255) DEFAULT NULL,
  `confirmed` tinyint(1) DEFAULT NULL,
  `blocked` tinyint(1) DEFAULT NULL,
  `created_at` datetime(6) DEFAULT NULL,
  `updated_at` datetime(6) DEFAULT NULL,
  `created_by_id` int(10) UNSIGNED DEFAULT NULL,
  `updated_by_id` int(10) UNSIGNED DEFAULT NULL
) ENGINE=InnoDB DEFAULT CHARSET=utf8;

--
-- Dump dei dati per la tabella `users`
--

INSERT INTO `users` (`id`, `username`, `email`, `provider`, `password`, `reset_password_token`, `confirmation_token`, `confirmed`, `blocked`, `created_at`, `updated_at`, `created_by_id`, `updated_by_id`) VALUES
(1, 'mbianchi', 'mbianchi@prova.it', 'local', '$2a$10$oSNmQwXcQSAhZn7cnTXk0OPiXDn9GPUK6c2/jl28wKB/Qt7dRvDly', NULL, NULL, 1, 0, '2025-07-18 16:02:11.054000', '2025-07-18 16:02:11.054000', 1, 1);

-- --------------------------------------------------------

--
-- Struttura della tabella `users_brewery_links`
--

CREATE TABLE `users_brewery_links` (
  `id` int(10) UNSIGNED NOT NULL,
  `user_id` int(10) UNSIGNED DEFAULT NULL,
  `brewery_id` int(10) UNSIGNED DEFAULT NULL,
  `user_order` double UNSIGNED DEFAULT NULL
) ENGINE=InnoDB DEFAULT CHARSET=utf8;

--
-- Dump dei dati per la tabella `users_brewery_links`
--

INSERT INTO `users_brewery_links` (`id`, `user_id`, `brewery_id`, `user_order`) VALUES
(1, 1, 1, 0);

-- --------------------------------------------------------

--
-- Struttura della tabella `users_role_links`
--

CREATE TABLE `users_role_links` (
  `id` int(10) UNSIGNED NOT NULL,
  `user_id` int(10) UNSIGNED DEFAULT NULL,
  `role_id` int(10) UNSIGNED DEFAULT NULL,
  `user_order` double UNSIGNED DEFAULT NULL
) ENGINE=InnoDB DEFAULT CHARSET=utf8;

--
-- Dump dei dati per la tabella `users_role_links`
--

INSERT INTO `users_role_links` (`id`, `user_id`, `role_id`, `user_order`) VALUES
(1, 1, 1, 1);

--
-- Indici per le tabelle scaricate
--

--
-- Indici per le tabelle `admin_permissions`
--
ALTER TABLE `admin_permissions`
  ADD PRIMARY KEY (`id`),
  ADD KEY `admin_permissions_created_by_id_fk` (`created_by_id`),
  ADD KEY `admin_permissions_updated_by_id_fk` (`updated_by_id`);

--
-- Indici per le tabelle `admin_permissions_role_links`
--
ALTER TABLE `admin_permissions_role_links`
  ADD PRIMARY KEY (`id`),
  ADD UNIQUE KEY `admin_permissions_role_links_unique` (`permission_id`,`role_id`),
  ADD KEY `admin_permissions_role_links_fk` (`permission_id`),
  ADD KEY `admin_permissions_role_links_inv_fk` (`role_id`),
  ADD KEY `admin_permissions_role_links_order_inv_fk` (`permission_order`);

--
-- Indici per le tabelle `admin_roles`
--
ALTER TABLE `admin_roles`
  ADD PRIMARY KEY (`id`),
  ADD KEY `admin_roles_created_by_id_fk` (`created_by_id`),
  ADD KEY `admin_roles_updated_by_id_fk` (`updated_by_id`);

--
-- Indici per le tabelle `admin_users`
--
ALTER TABLE `admin_users`
  ADD PRIMARY KEY (`id`),
  ADD KEY `admin_users_created_by_id_fk` (`created_by_id`),
  ADD KEY `admin_users_updated_by_id_fk` (`updated_by_id`);

--
-- Indici per le tabelle `admin_users_roles_links`
--
ALTER TABLE `admin_users_roles_links`
  ADD PRIMARY KEY (`id`),
  ADD UNIQUE KEY `admin_users_roles_links_unique` (`user_id`,`role_id`),
  ADD KEY `admin_users_roles_links_fk` (`user_id`),
  ADD KEY `admin_users_roles_links_inv_fk` (`role_id`),
  ADD KEY `admin_users_roles_links_order_fk` (`role_order`),
  ADD KEY `admin_users_roles_links_order_inv_fk` (`user_order`);

--
-- Indici per le tabelle `breweries`
--
ALTER TABLE `breweries`
  ADD PRIMARY KEY (`id`),
  ADD UNIQUE KEY `breweries_slug_unique` (`slug`),
  ADD KEY `breweries_created_by_id_fk` (`created_by_id`),
  ADD KEY `breweries_updated_by_id_fk` (`updated_by_id`);

--
-- Indici per le tabelle `components_payment_allocations`
--
ALTER TABLE `components_payment_allocations`
  ADD PRIMARY KEY (`id`);

--
-- Indici per le tabelle `components_payment_allocations_order_item_links`
--
ALTER TABLE `components_payment_allocations_order_item_links`
  ADD PRIMARY KEY (`id`),
  ADD UNIQUE KEY `components_payment_allocations_order_item_links_unique` (`allocation_id`,`order_item_id`),
  ADD KEY `components_payment_allocations_order_item_links_fk` (`allocation_id`),
  ADD KEY `components_payment_allocations_order_item_links_inv_fk` (`order_item_id`);

--
-- Indici per le tabelle `connected_kegs`
--
ALTER TABLE `connected_kegs`
  ADD PRIMARY KEY (`id`),
  ADD KEY `connected_kegs_created_by_id_fk` (`created_by_id`),
  ADD KEY `connected_kegs_updated_by_id_fk` (`updated_by_id`);

--
-- Indici per le tabelle `connected_kegs_brewery_links`
--
ALTER TABLE `connected_kegs_brewery_links`
  ADD PRIMARY KEY (`id`),
  ADD UNIQUE KEY `connected_kegs_brewery_links_unique` (`connected_keg_id`,`brewery_id`),
  ADD KEY `connected_kegs_brewery_links_fk` (`connected_keg_id`),
  ADD KEY `connected_kegs_brewery_links_inv_fk` (`brewery_id`),
  ADD KEY `connected_kegs_brewery_links_order_inv_fk` (`connected_keg_order`);

--
-- Indici per le tabelle `connected_kegs_product_links`
--
ALTER TABLE `connected_kegs_product_links`
  ADD PRIMARY KEY (`id`),
  ADD UNIQUE KEY `connected_kegs_product_links_unique` (`connected_keg_id`,`product_id`),
  ADD KEY `connected_kegs_product_links_fk` (`connected_keg_id`),
  ADD KEY `connected_kegs_product_links_inv_fk` (`product_id`),
  ADD KEY `connected_kegs_product_links_order_inv_fk` (`connected_keg_order`);

--
-- Indici per le tabelle `files`
--
ALTER TABLE `files`
  ADD PRIMARY KEY (`id`),
  ADD KEY `upload_files_folder_path_index` (`folder_path`),
  ADD KEY `upload_files_created_at_index` (`created_at`),
  ADD KEY `upload_files_updated_at_index` (`updated_at`),
  ADD KEY `upload_files_name_index` (`name`),
  ADD KEY `upload_files_size_index` (`size`),
  ADD KEY `upload_files_ext_index` (`ext`),
  ADD KEY `files_created_by_id_fk` (`created_by_id`),
  ADD KEY `files_updated_by_id_fk` (`updated_by_id`);

--
-- Indici per le tabelle `files_folder_links`
--
ALTER TABLE `files_folder_links`
  ADD PRIMARY KEY (`id`),
  ADD UNIQUE KEY `files_folder_links_unique` (`file_id`,`folder_id`),
  ADD KEY `files_folder_links_fk` (`file_id`),
  ADD KEY `files_folder_links_inv_fk` (`folder_id`),
  ADD KEY `files_folder_links_order_inv_fk` (`file_order`);

--
-- Indici per le tabelle `files_related_morphs`
--
ALTER TABLE `files_related_morphs`
  ADD PRIMARY KEY (`id`),
  ADD KEY `files_related_morphs_fk` (`file_id`),
  ADD KEY `files_related_morphs_order_index` (`order`),
  ADD KEY `files_related_morphs_id_column_index` (`related_id`);

--
-- Indici per le tabelle `i18n_locale`
--
ALTER TABLE `i18n_locale`
  ADD PRIMARY KEY (`id`),
  ADD KEY `i18n_locale_created_by_id_fk` (`created_by_id`),
  ADD KEY `i18n_locale_updated_by_id_fk` (`updated_by_id`);

--
-- Indici per le tabelle `orders`
--
ALTER TABLE `orders`
  ADD PRIMARY KEY (`id`),
  ADD KEY `orders_created_by_id_fk` (`created_by_id`),
  ADD KEY `orders_updated_by_id_fk` (`updated_by_id`);

--
-- Indici per le tabelle `orders_brewery_links`
--
ALTER TABLE `orders_brewery_links`
  ADD PRIMARY KEY (`id`),
  ADD UNIQUE KEY `orders_brewery_links_unique` (`order_id`,`brewery_id`),
  ADD KEY `orders_brewery_links_fk` (`order_id`),
  ADD KEY `orders_brewery_links_inv_fk` (`brewery_id`),
  ADD KEY `orders_brewery_links_order_inv_fk` (`order_order`);

--
-- Indici per le tabelle `order_items`
--
ALTER TABLE `order_items`
  ADD PRIMARY KEY (`id`),
  ADD KEY `order_items_created_by_id_fk` (`created_by_id`),
  ADD KEY `order_items_updated_by_id_fk` (`updated_by_id`);

--
-- Indici per le tabelle `order_items_connected_keg_links`
--
ALTER TABLE `order_items_connected_keg_links`
  ADD PRIMARY KEY (`id`),
  ADD UNIQUE KEY `order_items_connected_keg_links_unique` (`order_item_id`,`connected_keg_id`),
  ADD KEY `order_items_connected_keg_links_fk` (`order_item_id`),
  ADD KEY `order_items_connected_keg_links_inv_fk` (`connected_keg_id`),
  ADD KEY `order_items_connected_keg_links_order_inv_fk` (`order_item_order`);

--
-- Indici per le tabelle `order_items_order_links`
--
ALTER TABLE `order_items_order_links`
  ADD PRIMARY KEY (`id`),
  ADD UNIQUE KEY `order_items_order_links_unique` (`order_item_id`,`order_id`),
  ADD KEY `order_items_order_links_fk` (`order_item_id`),
  ADD KEY `order_items_order_links_inv_fk` (`order_id`),
  ADD KEY `order_items_order_links_order_inv_fk` (`order_item_order`);

--
-- Indici per le tabelle `order_items_product_links`
--
ALTER TABLE `order_items_product_links`
  ADD PRIMARY KEY (`id`),
  ADD UNIQUE KEY `order_items_product_links_unique` (`order_item_id`,`product_id`),
  ADD KEY `order_items_product_links_fk` (`order_item_id`),
  ADD KEY `order_items_product_links_inv_fk` (`product_id`),
  ADD KEY `order_items_product_links_order_inv_fk` (`order_item_order`);

--
-- Indici per le tabelle `payments`
--
ALTER TABLE `payments`
  ADD PRIMARY KEY (`id`),
  ADD KEY `payments_created_by_id_fk` (`created_by_id`),
  ADD KEY `payments_updated_by_id_fk` (`updated_by_id`);

--
-- Indici per le tabelle `payments_components`
--
ALTER TABLE `payments_components`
  ADD PRIMARY KEY (`id`),
  ADD UNIQUE KEY `payments_unique` (`entity_id`,`component_id`,`field`,`component_type`),
  ADD KEY `payments_field_index` (`field`),
  ADD KEY `payments_component_type_index` (`component_type`),
  ADD KEY `payments_entity_fk` (`entity_id`);

--
-- Indici per le tabelle `payments_order_links`
--
ALTER TABLE `payments_order_links`
  ADD PRIMARY KEY (`id`),
  ADD UNIQUE KEY `payments_order_links_unique` (`payment_id`,`order_id`),
  ADD KEY `payments_order_links_fk` (`payment_id`),
  ADD KEY `payments_order_links_inv_fk` (`order_id`),
  ADD KEY `payments_order_links_order_inv_fk` (`payment_order`);

--
-- Indici per le tabelle `products`
--
ALTER TABLE `products`
  ADD PRIMARY KEY (`id`),
  ADD KEY `products_created_by_id_fk` (`created_by_id`),
  ADD KEY `products_updated_by_id_fk` (`updated_by_id`);

--
-- Indici per le tabelle `products_brewery_links`
--
ALTER TABLE `products_brewery_links`
  ADD PRIMARY KEY (`id`),
  ADD UNIQUE KEY `products_brewery_links_unique` (`product_id`,`brewery_id`),
  ADD KEY `products_brewery_links_fk` (`product_id`),
  ADD KEY `products_brewery_links_inv_fk` (`brewery_id`),
  ADD KEY `products_brewery_links_order_inv_fk` (`product_order`);

--
-- Indici per le tabelle `stock_movements`
--
ALTER TABLE `stock_movements`
  ADD PRIMARY KEY (`id`),
  ADD KEY `stock_movements_created_by_id_fk` (`created_by_id`),
  ADD KEY `stock_movements_updated_by_id_fk` (`updated_by_id`);

--
-- Indici per le tabelle `stock_movements_brewery_links`
--
ALTER TABLE `stock_movements_brewery_links`
  ADD PRIMARY KEY (`id`),
  ADD UNIQUE KEY `stock_movements_brewery_links_unique` (`stock_movement_id`,`brewery_id`),
  ADD KEY `stock_movements_brewery_links_fk` (`stock_movement_id`),
  ADD KEY `stock_movements_brewery_links_inv_fk` (`brewery_id`),
  ADD KEY `stock_movements_brewery_links_order_inv_fk` (`stock_movement_order`);

--
-- Indici per le tabelle `stock_movements_product_links`
--
ALTER TABLE `stock_movements_product_links`
  ADD PRIMARY KEY (`id`),
  ADD UNIQUE KEY `stock_movements_product_links_unique` (`stock_movement_id`,`product_id`),
  ADD KEY `stock_movements_product_links_fk` (`stock_movement_id`),
  ADD KEY `stock_movements_product_links_inv_fk` (`product_id`),
  ADD KEY `stock_movements_product_links_order_inv_fk` (`stock_movement_order`);

--
-- Indici per le tabelle `strapi_api_tokens`
--
ALTER TABLE `strapi_api_tokens`
  ADD PRIMARY KEY (`id`),
  ADD KEY `strapi_api_tokens_created_by_id_fk` (`created_by_id`),
  ADD KEY `strapi_api_tokens_updated_by_id_fk` (`updated_by_id`);

--
-- Indici per le tabelle `strapi_api_token_permissions`
--
ALTER TABLE `strapi_api_token_permissions`
  ADD PRIMARY KEY (`id`),
  ADD KEY `strapi_api_token_permissions_created_by_id_fk` (`created_by_id`),
  ADD KEY `strapi_api_token_permissions_updated_by_id_fk` (`updated_by_id`);

--
-- Indici per le tabelle `strapi_api_token_permissions_token_links`
--
ALTER TABLE `strapi_api_token_permissions_token_links`
  ADD PRIMARY KEY (`id`),
  ADD UNIQUE KEY `strapi_api_token_permissions_token_links_unique` (`api_token_permission_id`,`api_token_id`),
  ADD KEY `strapi_api_token_permissions_token_links_fk` (`api_token_permission_id`),
  ADD KEY `strapi_api_token_permissions_token_links_inv_fk` (`api_token_id`),
  ADD KEY `strapi_api_token_permissions_token_links_order_inv_fk` (`api_token_permission_order`);

--
-- Indici per le tabelle `strapi_core_store_settings`
--
ALTER TABLE `strapi_core_store_settings`
  ADD PRIMARY KEY (`id`);

--
-- Indici per le tabelle `strapi_database_schema`
--
ALTER TABLE `strapi_database_schema`
  ADD PRIMARY KEY (`id`);

--
-- Indici per le tabelle `strapi_migrations`
--
ALTER TABLE `strapi_migrations`
  ADD PRIMARY KEY (`id`);

--
-- Indici per le tabelle `strapi_releases`
--
ALTER TABLE `strapi_releases`
  ADD PRIMARY KEY (`id`),
  ADD KEY `strapi_releases_created_by_id_fk` (`created_by_id`),
  ADD KEY `strapi_releases_updated_by_id_fk` (`updated_by_id`);

--
-- Indici per le tabelle `strapi_release_actions`
--
ALTER TABLE `strapi_release_actions`
  ADD PRIMARY KEY (`id`),
  ADD KEY `strapi_release_actions_created_by_id_fk` (`created_by_id`),
  ADD KEY `strapi_release_actions_updated_by_id_fk` (`updated_by_id`);

--
-- Indici per le tabelle `strapi_release_actions_release_links`
--
ALTER TABLE `strapi_release_actions_release_links`
  ADD PRIMARY KEY (`id`),
  ADD UNIQUE KEY `strapi_release_actions_release_links_unique` (`release_action_id`,`release_id`),
  ADD KEY `strapi_release_actions_release_links_fk` (`release_action_id`),
  ADD KEY `strapi_release_actions_release_links_inv_fk` (`release_id`),
  ADD KEY `strapi_release_actions_release_links_order_inv_fk` (`release_action_order`);

--
-- Indici per le tabelle `strapi_transfer_tokens`
--
ALTER TABLE `strapi_transfer_tokens`
  ADD PRIMARY KEY (`id`),
  ADD KEY `strapi_transfer_tokens_created_by_id_fk` (`created_by_id`),
  ADD KEY `strapi_transfer_tokens_updated_by_id_fk` (`updated_by_id`);

--
-- Indici per le tabelle `strapi_transfer_token_permissions`
--
ALTER TABLE `strapi_transfer_token_permissions`
  ADD PRIMARY KEY (`id`),
  ADD KEY `strapi_transfer_token_permissions_created_by_id_fk` (`created_by_id`),
  ADD KEY `strapi_transfer_token_permissions_updated_by_id_fk` (`updated_by_id`);

--
-- Indici per le tabelle `strapi_transfer_token_permissions_token_links`
--
ALTER TABLE `strapi_transfer_token_permissions_token_links`
  ADD PRIMARY KEY (`id`),
  ADD UNIQUE KEY `strapi_transfer_token_permissions_token_links_unique` (`transfer_token_permission_id`,`transfer_token_id`),
  ADD KEY `strapi_transfer_token_permissions_token_links_fk` (`transfer_token_permission_id`),
  ADD KEY `strapi_transfer_token_permissions_token_links_inv_fk` (`transfer_token_id`),
  ADD KEY `strapi_transfer_token_permissions_token_links_order_inv_fk` (`transfer_token_permission_order`);

--
-- Indici per le tabelle `strapi_webhooks`
--
ALTER TABLE `strapi_webhooks`
  ADD PRIMARY KEY (`id`);

--
-- Indici per le tabelle `upload_folders`
--
ALTER TABLE `upload_folders`
  ADD PRIMARY KEY (`id`),
  ADD UNIQUE KEY `upload_folders_path_id_index` (`path_id`),
  ADD UNIQUE KEY `upload_folders_path_index` (`path`),
  ADD KEY `upload_folders_created_by_id_fk` (`created_by_id`),
  ADD KEY `upload_folders_updated_by_id_fk` (`updated_by_id`);

--
-- Indici per le tabelle `upload_folders_parent_links`
--
ALTER TABLE `upload_folders_parent_links`
  ADD PRIMARY KEY (`id`),
  ADD UNIQUE KEY `upload_folders_parent_links_unique` (`folder_id`,`inv_folder_id`),
  ADD KEY `upload_folders_parent_links_fk` (`folder_id`),
  ADD KEY `upload_folders_parent_links_inv_fk` (`inv_folder_id`),
  ADD KEY `upload_folders_parent_links_order_inv_fk` (`folder_order`);

--
-- Indici per le tabelle `up_permissions`
--
ALTER TABLE `up_permissions`
  ADD PRIMARY KEY (`id`),
  ADD KEY `up_permissions_created_by_id_fk` (`created_by_id`),
  ADD KEY `up_permissions_updated_by_id_fk` (`updated_by_id`);

--
-- Indici per le tabelle `up_permissions_role_links`
--
ALTER TABLE `up_permissions_role_links`
  ADD PRIMARY KEY (`id`),
  ADD UNIQUE KEY `up_permissions_role_links_unique` (`permission_id`,`role_id`),
  ADD KEY `up_permissions_role_links_fk` (`permission_id`),
  ADD KEY `up_permissions_role_links_inv_fk` (`role_id`),
  ADD KEY `up_permissions_role_links_order_inv_fk` (`permission_order`);

--
-- Indici per le tabelle `up_roles`
--
ALTER TABLE `up_roles`
  ADD PRIMARY KEY (`id`),
  ADD KEY `up_roles_created_by_id_fk` (`created_by_id`),
  ADD KEY `up_roles_updated_by_id_fk` (`updated_by_id`);

--
-- Indici per le tabelle `users`
--
ALTER TABLE `users`
  ADD PRIMARY KEY (`id`),
  ADD KEY `users_created_by_id_fk` (`created_by_id`),
  ADD KEY `users_updated_by_id_fk` (`updated_by_id`);

--
-- Indici per le tabelle `users_brewery_links`
--
ALTER TABLE `users_brewery_links`
  ADD PRIMARY KEY (`id`),
  ADD UNIQUE KEY `users_brewery_links_unique` (`user_id`,`brewery_id`),
  ADD KEY `users_brewery_links_fk` (`user_id`),
  ADD KEY `users_brewery_links_inv_fk` (`brewery_id`),
  ADD KEY `users_brewery_links_order_inv_fk` (`user_order`);

--
-- Indici per le tabelle `users_role_links`
--
ALTER TABLE `users_role_links`
  ADD PRIMARY KEY (`id`),
  ADD UNIQUE KEY `users_role_links_unique` (`user_id`,`role_id`),
  ADD KEY `users_role_links_fk` (`user_id`),
  ADD KEY `users_role_links_inv_fk` (`role_id`),
  ADD KEY `users_role_links_order_inv_fk` (`user_order`);

--
-- AUTO_INCREMENT per le tabelle scaricate
--

--
-- AUTO_INCREMENT per la tabella `admin_permissions`
--
ALTER TABLE `admin_permissions`
  MODIFY `id` int(10) UNSIGNED NOT NULL AUTO_INCREMENT, AUTO_INCREMENT=164;

--
-- AUTO_INCREMENT per la tabella `admin_permissions_role_links`
--
ALTER TABLE `admin_permissions_role_links`
  MODIFY `id` int(10) UNSIGNED NOT NULL AUTO_INCREMENT, AUTO_INCREMENT=164;

--
-- AUTO_INCREMENT per la tabella `admin_roles`
--
ALTER TABLE `admin_roles`
  MODIFY `id` int(10) UNSIGNED NOT NULL AUTO_INCREMENT, AUTO_INCREMENT=4;

--
-- AUTO_INCREMENT per la tabella `admin_users`
--
ALTER TABLE `admin_users`
  MODIFY `id` int(10) UNSIGNED NOT NULL AUTO_INCREMENT, AUTO_INCREMENT=2;

--
-- AUTO_INCREMENT per la tabella `admin_users_roles_links`
--
ALTER TABLE `admin_users_roles_links`
  MODIFY `id` int(10) UNSIGNED NOT NULL AUTO_INCREMENT, AUTO_INCREMENT=2;

--
-- AUTO_INCREMENT per la tabella `breweries`
--
ALTER TABLE `breweries`
  MODIFY `id` int(10) UNSIGNED NOT NULL AUTO_INCREMENT, AUTO_INCREMENT=2;

--
-- AUTO_INCREMENT per la tabella `components_payment_allocations`
--
ALTER TABLE `components_payment_allocations`
  MODIFY `id` int(10) UNSIGNED NOT NULL AUTO_INCREMENT, AUTO_INCREMENT=15;

--
-- AUTO_INCREMENT per la tabella `components_payment_allocations_order_item_links`
--
ALTER TABLE `components_payment_allocations_order_item_links`
  MODIFY `id` int(10) UNSIGNED NOT NULL AUTO_INCREMENT, AUTO_INCREMENT=15;

--
-- AUTO_INCREMENT per la tabella `connected_kegs`
--
ALTER TABLE `connected_kegs`
  MODIFY `id` int(10) UNSIGNED NOT NULL AUTO_INCREMENT, AUTO_INCREMENT=5;

--
-- AUTO_INCREMENT per la tabella `connected_kegs_brewery_links`
--
ALTER TABLE `connected_kegs_brewery_links`
  MODIFY `id` int(10) UNSIGNED NOT NULL AUTO_INCREMENT, AUTO_INCREMENT=5;

--
-- AUTO_INCREMENT per la tabella `connected_kegs_product_links`
--
ALTER TABLE `connected_kegs_product_links`
  MODIFY `id` int(10) UNSIGNED NOT NULL AUTO_INCREMENT, AUTO_INCREMENT=5;

--
-- AUTO_INCREMENT per la tabella `files`
--
ALTER TABLE `files`
  MODIFY `id` int(10) UNSIGNED NOT NULL AUTO_INCREMENT;

--
-- AUTO_INCREMENT per la tabella `files_folder_links`
--
ALTER TABLE `files_folder_links`
  MODIFY `id` int(10) UNSIGNED NOT NULL AUTO_INCREMENT;

--
-- AUTO_INCREMENT per la tabella `files_related_morphs`
--
ALTER TABLE `files_related_morphs`
  MODIFY `id` int(10) UNSIGNED NOT NULL AUTO_INCREMENT;

--
-- AUTO_INCREMENT per la tabella `i18n_locale`
--
ALTER TABLE `i18n_locale`
  MODIFY `id` int(10) UNSIGNED NOT NULL AUTO_INCREMENT, AUTO_INCREMENT=2;

--
-- AUTO_INCREMENT per la tabella `orders`
--
ALTER TABLE `orders`
  MODIFY `id` int(10) UNSIGNED NOT NULL AUTO_INCREMENT, AUTO_INCREMENT=19;

--
-- AUTO_INCREMENT per la tabella `orders_brewery_links`
--
ALTER TABLE `orders_brewery_links`
  MODIFY `id` int(10) UNSIGNED NOT NULL AUTO_INCREMENT, AUTO_INCREMENT=19;

--
-- AUTO_INCREMENT per la tabella `order_items`
--
ALTER TABLE `order_items`
  MODIFY `id` int(10) UNSIGNED NOT NULL AUTO_INCREMENT, AUTO_INCREMENT=51;

--
-- AUTO_INCREMENT per la tabella `order_items_connected_keg_links`
--
ALTER TABLE `order_items_connected_keg_links`
  MODIFY `id` int(10) UNSIGNED NOT NULL AUTO_INCREMENT, AUTO_INCREMENT=51;

--
-- AUTO_INCREMENT per la tabella `order_items_order_links`
--
ALTER TABLE `order_items_order_links`
  MODIFY `id` int(10) UNSIGNED NOT NULL AUTO_INCREMENT, AUTO_INCREMENT=51;

--
-- AUTO_INCREMENT per la tabella `order_items_product_links`
--
ALTER TABLE `order_items_product_links`
  MODIFY `id` int(10) UNSIGNED NOT NULL AUTO_INCREMENT, AUTO_INCREMENT=51;

--
-- AUTO_INCREMENT per la tabella `payments`
--
ALTER TABLE `payments`
  MODIFY `id` int(10) UNSIGNED NOT NULL AUTO_INCREMENT, AUTO_INCREMENT=8;

--
-- AUTO_INCREMENT per la tabella `payments_components`
--
ALTER TABLE `payments_components`
  MODIFY `id` int(10) UNSIGNED NOT NULL AUTO_INCREMENT, AUTO_INCREMENT=15;

--
-- AUTO_INCREMENT per la tabella `payments_order_links`
--
ALTER TABLE `payments_order_links`
  MODIFY `id` int(10) UNSIGNED NOT NULL AUTO_INCREMENT, AUTO_INCREMENT=8;

--
-- AUTO_INCREMENT per la tabella `products`
--
ALTER TABLE `products`
  MODIFY `id` int(10) UNSIGNED NOT NULL AUTO_INCREMENT, AUTO_INCREMENT=7;

--
-- AUTO_INCREMENT per la tabella `products_brewery_links`
--
ALTER TABLE `products_brewery_links`
  MODIFY `id` int(10) UNSIGNED NOT NULL AUTO_INCREMENT, AUTO_INCREMENT=9;

--
-- AUTO_INCREMENT per la tabella `stock_movements`
--
ALTER TABLE `stock_movements`
  MODIFY `id` int(10) UNSIGNED NOT NULL AUTO_INCREMENT, AUTO_INCREMENT=11;

--
-- AUTO_INCREMENT per la tabella `stock_movements_brewery_links`
--
ALTER TABLE `stock_movements_brewery_links`
  MODIFY `id` int(10) UNSIGNED NOT NULL AUTO_INCREMENT, AUTO_INCREMENT=6;

--
-- AUTO_INCREMENT per la tabella `stock_movements_product_links`
--
ALTER TABLE `stock_movements_product_links`
  MODIFY `id` int(10) UNSIGNED NOT NULL AUTO_INCREMENT, AUTO_INCREMENT=11;

--
-- AUTO_INCREMENT per la tabella `strapi_api_tokens`
--
ALTER TABLE `strapi_api_tokens`
  MODIFY `id` int(10) UNSIGNED NOT NULL AUTO_INCREMENT;

--
-- AUTO_INCREMENT per la tabella `strapi_api_token_permissions`
--
ALTER TABLE `strapi_api_token_permissions`
  MODIFY `id` int(10) UNSIGNED NOT NULL AUTO_INCREMENT;

--
-- AUTO_INCREMENT per la tabella `strapi_api_token_permissions_token_links`
--
ALTER TABLE `strapi_api_token_permissions_token_links`
  MODIFY `id` int(10) UNSIGNED NOT NULL AUTO_INCREMENT;

--
-- AUTO_INCREMENT per la tabella `strapi_core_store_settings`
--
ALTER TABLE `strapi_core_store_settings`
  MODIFY `id` int(10) UNSIGNED NOT NULL AUTO_INCREMENT, AUTO_INCREMENT=34;

--
-- AUTO_INCREMENT per la tabella `strapi_database_schema`
--
ALTER TABLE `strapi_database_schema`
  MODIFY `id` int(10) UNSIGNED NOT NULL AUTO_INCREMENT, AUTO_INCREMENT=25;

--
-- AUTO_INCREMENT per la tabella `strapi_migrations`
--
ALTER TABLE `strapi_migrations`
  MODIFY `id` int(10) UNSIGNED NOT NULL AUTO_INCREMENT;

--
-- AUTO_INCREMENT per la tabella `strapi_releases`
--
ALTER TABLE `strapi_releases`
  MODIFY `id` int(10) UNSIGNED NOT NULL AUTO_INCREMENT;

--
-- AUTO_INCREMENT per la tabella `strapi_release_actions`
--
ALTER TABLE `strapi_release_actions`
  MODIFY `id` int(10) UNSIGNED NOT NULL AUTO_INCREMENT;

--
-- AUTO_INCREMENT per la tabella `strapi_release_actions_release_links`
--
ALTER TABLE `strapi_release_actions_release_links`
  MODIFY `id` int(10) UNSIGNED NOT NULL AUTO_INCREMENT;

--
-- AUTO_INCREMENT per la tabella `strapi_transfer_tokens`
--
ALTER TABLE `strapi_transfer_tokens`
  MODIFY `id` int(10) UNSIGNED NOT NULL AUTO_INCREMENT;

--
-- AUTO_INCREMENT per la tabella `strapi_transfer_token_permissions`
--
ALTER TABLE `strapi_transfer_token_permissions`
  MODIFY `id` int(10) UNSIGNED NOT NULL AUTO_INCREMENT;

--
-- AUTO_INCREMENT per la tabella `strapi_transfer_token_permissions_token_links`
--
ALTER TABLE `strapi_transfer_token_permissions_token_links`
  MODIFY `id` int(10) UNSIGNED NOT NULL AUTO_INCREMENT;

--
-- AUTO_INCREMENT per la tabella `strapi_webhooks`
--
ALTER TABLE `strapi_webhooks`
  MODIFY `id` int(10) UNSIGNED NOT NULL AUTO_INCREMENT;

--
-- AUTO_INCREMENT per la tabella `upload_folders`
--
ALTER TABLE `upload_folders`
  MODIFY `id` int(10) UNSIGNED NOT NULL AUTO_INCREMENT;

--
-- AUTO_INCREMENT per la tabella `upload_folders_parent_links`
--
ALTER TABLE `upload_folders_parent_links`
  MODIFY `id` int(10) UNSIGNED NOT NULL AUTO_INCREMENT;

--
-- AUTO_INCREMENT per la tabella `up_permissions`
--
ALTER TABLE `up_permissions`
  MODIFY `id` int(10) UNSIGNED NOT NULL AUTO_INCREMENT, AUTO_INCREMENT=51;

--
-- AUTO_INCREMENT per la tabella `up_permissions_role_links`
--
ALTER TABLE `up_permissions_role_links`
  MODIFY `id` int(10) UNSIGNED NOT NULL AUTO_INCREMENT, AUTO_INCREMENT=51;

--
-- AUTO_INCREMENT per la tabella `up_roles`
--
ALTER TABLE `up_roles`
  MODIFY `id` int(10) UNSIGNED NOT NULL AUTO_INCREMENT, AUTO_INCREMENT=3;

--
-- AUTO_INCREMENT per la tabella `users`
--
ALTER TABLE `users`
  MODIFY `id` int(10) UNSIGNED NOT NULL AUTO_INCREMENT, AUTO_INCREMENT=2;

--
-- AUTO_INCREMENT per la tabella `users_brewery_links`
--
ALTER TABLE `users_brewery_links`
  MODIFY `id` int(10) UNSIGNED NOT NULL AUTO_INCREMENT, AUTO_INCREMENT=2;

--
-- AUTO_INCREMENT per la tabella `users_role_links`
--
ALTER TABLE `users_role_links`
  MODIFY `id` int(10) UNSIGNED NOT NULL AUTO_INCREMENT, AUTO_INCREMENT=2;

--
-- Limiti per le tabelle scaricate
--

--
-- Limiti per la tabella `admin_permissions`
--
ALTER TABLE `admin_permissions`
  ADD CONSTRAINT `admin_permissions_created_by_id_fk` FOREIGN KEY (`created_by_id`) REFERENCES `admin_users` (`id`) ON DELETE SET NULL,
  ADD CONSTRAINT `admin_permissions_updated_by_id_fk` FOREIGN KEY (`updated_by_id`) REFERENCES `admin_users` (`id`) ON DELETE SET NULL;

--
-- Limiti per la tabella `admin_permissions_role_links`
--
ALTER TABLE `admin_permissions_role_links`
  ADD CONSTRAINT `admin_permissions_role_links_fk` FOREIGN KEY (`permission_id`) REFERENCES `admin_permissions` (`id`) ON DELETE CASCADE,
  ADD CONSTRAINT `admin_permissions_role_links_inv_fk` FOREIGN KEY (`role_id`) REFERENCES `admin_roles` (`id`) ON DELETE CASCADE;

--
-- Limiti per la tabella `admin_roles`
--
ALTER TABLE `admin_roles`
  ADD CONSTRAINT `admin_roles_created_by_id_fk` FOREIGN KEY (`created_by_id`) REFERENCES `admin_users` (`id`) ON DELETE SET NULL,
  ADD CONSTRAINT `admin_roles_updated_by_id_fk` FOREIGN KEY (`updated_by_id`) REFERENCES `admin_users` (`id`) ON DELETE SET NULL;

--
-- Limiti per la tabella `admin_users`
--
ALTER TABLE `admin_users`
  ADD CONSTRAINT `admin_users_created_by_id_fk` FOREIGN KEY (`created_by_id`) REFERENCES `admin_users` (`id`) ON DELETE SET NULL,
  ADD CONSTRAINT `admin_users_updated_by_id_fk` FOREIGN KEY (`updated_by_id`) REFERENCES `admin_users` (`id`) ON DELETE SET NULL;

--
-- Limiti per la tabella `admin_users_roles_links`
--
ALTER TABLE `admin_users_roles_links`
  ADD CONSTRAINT `admin_users_roles_links_fk` FOREIGN KEY (`user_id`) REFERENCES `admin_users` (`id`) ON DELETE CASCADE,
  ADD CONSTRAINT `admin_users_roles_links_inv_fk` FOREIGN KEY (`role_id`) REFERENCES `admin_roles` (`id`) ON DELETE CASCADE;

--
-- Limiti per la tabella `breweries`
--
ALTER TABLE `breweries`
  ADD CONSTRAINT `breweries_created_by_id_fk` FOREIGN KEY (`created_by_id`) REFERENCES `admin_users` (`id`) ON DELETE SET NULL,
  ADD CONSTRAINT `breweries_updated_by_id_fk` FOREIGN KEY (`updated_by_id`) REFERENCES `admin_users` (`id`) ON DELETE SET NULL;

--
-- Limiti per la tabella `components_payment_allocations_order_item_links`
--
ALTER TABLE `components_payment_allocations_order_item_links`
  ADD CONSTRAINT `components_payment_allocations_order_item_links_fk` FOREIGN KEY (`allocation_id`) REFERENCES `components_payment_allocations` (`id`) ON DELETE CASCADE,
  ADD CONSTRAINT `components_payment_allocations_order_item_links_inv_fk` FOREIGN KEY (`order_item_id`) REFERENCES `order_items` (`id`) ON DELETE CASCADE;

--
-- Limiti per la tabella `connected_kegs`
--
ALTER TABLE `connected_kegs`
  ADD CONSTRAINT `connected_kegs_created_by_id_fk` FOREIGN KEY (`created_by_id`) REFERENCES `admin_users` (`id`) ON DELETE SET NULL,
  ADD CONSTRAINT `connected_kegs_updated_by_id_fk` FOREIGN KEY (`updated_by_id`) REFERENCES `admin_users` (`id`) ON DELETE SET NULL;

--
-- Limiti per la tabella `connected_kegs_brewery_links`
--
ALTER TABLE `connected_kegs_brewery_links`
  ADD CONSTRAINT `connected_kegs_brewery_links_fk` FOREIGN KEY (`connected_keg_id`) REFERENCES `connected_kegs` (`id`) ON DELETE CASCADE,
  ADD CONSTRAINT `connected_kegs_brewery_links_inv_fk` FOREIGN KEY (`brewery_id`) REFERENCES `breweries` (`id`) ON DELETE CASCADE;

--
-- Limiti per la tabella `connected_kegs_product_links`
--
ALTER TABLE `connected_kegs_product_links`
  ADD CONSTRAINT `connected_kegs_product_links_fk` FOREIGN KEY (`connected_keg_id`) REFERENCES `connected_kegs` (`id`) ON DELETE CASCADE,
  ADD CONSTRAINT `connected_kegs_product_links_inv_fk` FOREIGN KEY (`product_id`) REFERENCES `products` (`id`) ON DELETE CASCADE;

--
-- Limiti per la tabella `files`
--
ALTER TABLE `files`
  ADD CONSTRAINT `files_created_by_id_fk` FOREIGN KEY (`created_by_id`) REFERENCES `admin_users` (`id`) ON DELETE SET NULL,
  ADD CONSTRAINT `files_updated_by_id_fk` FOREIGN KEY (`updated_by_id`) REFERENCES `admin_users` (`id`) ON DELETE SET NULL;

--
-- Limiti per la tabella `files_folder_links`
--
ALTER TABLE `files_folder_links`
  ADD CONSTRAINT `files_folder_links_fk` FOREIGN KEY (`file_id`) REFERENCES `files` (`id`) ON DELETE CASCADE,
  ADD CONSTRAINT `files_folder_links_inv_fk` FOREIGN KEY (`folder_id`) REFERENCES `upload_folders` (`id`) ON DELETE CASCADE;

--
-- Limiti per la tabella `files_related_morphs`
--
ALTER TABLE `files_related_morphs`
  ADD CONSTRAINT `files_related_morphs_fk` FOREIGN KEY (`file_id`) REFERENCES `files` (`id`) ON DELETE CASCADE;

--
-- Limiti per la tabella `i18n_locale`
--
ALTER TABLE `i18n_locale`
  ADD CONSTRAINT `i18n_locale_created_by_id_fk` FOREIGN KEY (`created_by_id`) REFERENCES `admin_users` (`id`) ON DELETE SET NULL,
  ADD CONSTRAINT `i18n_locale_updated_by_id_fk` FOREIGN KEY (`updated_by_id`) REFERENCES `admin_users` (`id`) ON DELETE SET NULL;

--
-- Limiti per la tabella `orders`
--
ALTER TABLE `orders`
  ADD CONSTRAINT `orders_created_by_id_fk` FOREIGN KEY (`created_by_id`) REFERENCES `admin_users` (`id`) ON DELETE SET NULL,
  ADD CONSTRAINT `orders_updated_by_id_fk` FOREIGN KEY (`updated_by_id`) REFERENCES `admin_users` (`id`) ON DELETE SET NULL;

--
-- Limiti per la tabella `orders_brewery_links`
--
ALTER TABLE `orders_brewery_links`
  ADD CONSTRAINT `orders_brewery_links_fk` FOREIGN KEY (`order_id`) REFERENCES `orders` (`id`) ON DELETE CASCADE,
  ADD CONSTRAINT `orders_brewery_links_inv_fk` FOREIGN KEY (`brewery_id`) REFERENCES `breweries` (`id`) ON DELETE CASCADE;

--
-- Limiti per la tabella `order_items`
--
ALTER TABLE `order_items`
  ADD CONSTRAINT `order_items_created_by_id_fk` FOREIGN KEY (`created_by_id`) REFERENCES `admin_users` (`id`) ON DELETE SET NULL,
  ADD CONSTRAINT `order_items_updated_by_id_fk` FOREIGN KEY (`updated_by_id`) REFERENCES `admin_users` (`id`) ON DELETE SET NULL;

--
-- Limiti per la tabella `order_items_connected_keg_links`
--
ALTER TABLE `order_items_connected_keg_links`
  ADD CONSTRAINT `order_items_connected_keg_links_fk` FOREIGN KEY (`order_item_id`) REFERENCES `order_items` (`id`) ON DELETE CASCADE,
  ADD CONSTRAINT `order_items_connected_keg_links_inv_fk` FOREIGN KEY (`connected_keg_id`) REFERENCES `connected_kegs` (`id`) ON DELETE CASCADE;

--
-- Limiti per la tabella `order_items_order_links`
--
ALTER TABLE `order_items_order_links`
  ADD CONSTRAINT `order_items_order_links_fk` FOREIGN KEY (`order_item_id`) REFERENCES `order_items` (`id`) ON DELETE CASCADE,
  ADD CONSTRAINT `order_items_order_links_inv_fk` FOREIGN KEY (`order_id`) REFERENCES `orders` (`id`) ON DELETE CASCADE;

--
-- Limiti per la tabella `order_items_product_links`
--
ALTER TABLE `order_items_product_links`
  ADD CONSTRAINT `order_items_product_links_fk` FOREIGN KEY (`order_item_id`) REFERENCES `order_items` (`id`) ON DELETE CASCADE,
  ADD CONSTRAINT `order_items_product_links_inv_fk` FOREIGN KEY (`product_id`) REFERENCES `products` (`id`) ON DELETE CASCADE;

--
-- Limiti per la tabella `payments`
--
ALTER TABLE `payments`
  ADD CONSTRAINT `payments_created_by_id_fk` FOREIGN KEY (`created_by_id`) REFERENCES `admin_users` (`id`) ON DELETE SET NULL,
  ADD CONSTRAINT `payments_updated_by_id_fk` FOREIGN KEY (`updated_by_id`) REFERENCES `admin_users` (`id`) ON DELETE SET NULL;

--
-- Limiti per la tabella `payments_components`
--
ALTER TABLE `payments_components`
  ADD CONSTRAINT `payments_entity_fk` FOREIGN KEY (`entity_id`) REFERENCES `payments` (`id`) ON DELETE CASCADE;

--
-- Limiti per la tabella `payments_order_links`
--
ALTER TABLE `payments_order_links`
  ADD CONSTRAINT `payments_order_links_fk` FOREIGN KEY (`payment_id`) REFERENCES `payments` (`id`) ON DELETE CASCADE,
  ADD CONSTRAINT `payments_order_links_inv_fk` FOREIGN KEY (`order_id`) REFERENCES `orders` (`id`) ON DELETE CASCADE;

--
-- Limiti per la tabella `products`
--
ALTER TABLE `products`
  ADD CONSTRAINT `products_created_by_id_fk` FOREIGN KEY (`created_by_id`) REFERENCES `admin_users` (`id`) ON DELETE SET NULL,
  ADD CONSTRAINT `products_updated_by_id_fk` FOREIGN KEY (`updated_by_id`) REFERENCES `admin_users` (`id`) ON DELETE SET NULL;

--
-- Limiti per la tabella `products_brewery_links`
--
ALTER TABLE `products_brewery_links`
  ADD CONSTRAINT `products_brewery_links_fk` FOREIGN KEY (`product_id`) REFERENCES `products` (`id`) ON DELETE CASCADE,
  ADD CONSTRAINT `products_brewery_links_inv_fk` FOREIGN KEY (`brewery_id`) REFERENCES `breweries` (`id`) ON DELETE CASCADE;

--
-- Limiti per la tabella `stock_movements`
--
ALTER TABLE `stock_movements`
  ADD CONSTRAINT `stock_movements_created_by_id_fk` FOREIGN KEY (`created_by_id`) REFERENCES `admin_users` (`id`) ON DELETE SET NULL,
  ADD CONSTRAINT `stock_movements_updated_by_id_fk` FOREIGN KEY (`updated_by_id`) REFERENCES `admin_users` (`id`) ON DELETE SET NULL;

--
-- Limiti per la tabella `stock_movements_brewery_links`
--
ALTER TABLE `stock_movements_brewery_links`
  ADD CONSTRAINT `stock_movements_brewery_links_fk` FOREIGN KEY (`stock_movement_id`) REFERENCES `stock_movements` (`id`) ON DELETE CASCADE,
  ADD CONSTRAINT `stock_movements_brewery_links_inv_fk` FOREIGN KEY (`brewery_id`) REFERENCES `breweries` (`id`) ON DELETE CASCADE;

--
-- Limiti per la tabella `stock_movements_product_links`
--
ALTER TABLE `stock_movements_product_links`
  ADD CONSTRAINT `stock_movements_product_links_fk` FOREIGN KEY (`stock_movement_id`) REFERENCES `stock_movements` (`id`) ON DELETE CASCADE,
  ADD CONSTRAINT `stock_movements_product_links_inv_fk` FOREIGN KEY (`product_id`) REFERENCES `products` (`id`) ON DELETE CASCADE;

--
-- Limiti per la tabella `strapi_api_tokens`
--
ALTER TABLE `strapi_api_tokens`
  ADD CONSTRAINT `strapi_api_tokens_created_by_id_fk` FOREIGN KEY (`created_by_id`) REFERENCES `admin_users` (`id`) ON DELETE SET NULL,
  ADD CONSTRAINT `strapi_api_tokens_updated_by_id_fk` FOREIGN KEY (`updated_by_id`) REFERENCES `admin_users` (`id`) ON DELETE SET NULL;

--
-- Limiti per la tabella `strapi_api_token_permissions`
--
ALTER TABLE `strapi_api_token_permissions`
  ADD CONSTRAINT `strapi_api_token_permissions_created_by_id_fk` FOREIGN KEY (`created_by_id`) REFERENCES `admin_users` (`id`) ON DELETE SET NULL,
  ADD CONSTRAINT `strapi_api_token_permissions_updated_by_id_fk` FOREIGN KEY (`updated_by_id`) REFERENCES `admin_users` (`id`) ON DELETE SET NULL;

--
-- Limiti per la tabella `strapi_api_token_permissions_token_links`
--
ALTER TABLE `strapi_api_token_permissions_token_links`
  ADD CONSTRAINT `strapi_api_token_permissions_token_links_fk` FOREIGN KEY (`api_token_permission_id`) REFERENCES `strapi_api_token_permissions` (`id`) ON DELETE CASCADE,
  ADD CONSTRAINT `strapi_api_token_permissions_token_links_inv_fk` FOREIGN KEY (`api_token_id`) REFERENCES `strapi_api_tokens` (`id`) ON DELETE CASCADE;

--
-- Limiti per la tabella `strapi_releases`
--
ALTER TABLE `strapi_releases`
  ADD CONSTRAINT `strapi_releases_created_by_id_fk` FOREIGN KEY (`created_by_id`) REFERENCES `admin_users` (`id`) ON DELETE SET NULL,
  ADD CONSTRAINT `strapi_releases_updated_by_id_fk` FOREIGN KEY (`updated_by_id`) REFERENCES `admin_users` (`id`) ON DELETE SET NULL;

--
-- Limiti per la tabella `strapi_release_actions`
--
ALTER TABLE `strapi_release_actions`
  ADD CONSTRAINT `strapi_release_actions_created_by_id_fk` FOREIGN KEY (`created_by_id`) REFERENCES `admin_users` (`id`) ON DELETE SET NULL,
  ADD CONSTRAINT `strapi_release_actions_updated_by_id_fk` FOREIGN KEY (`updated_by_id`) REFERENCES `admin_users` (`id`) ON DELETE SET NULL;

--
-- Limiti per la tabella `strapi_release_actions_release_links`
--
ALTER TABLE `strapi_release_actions_release_links`
  ADD CONSTRAINT `strapi_release_actions_release_links_fk` FOREIGN KEY (`release_action_id`) REFERENCES `strapi_release_actions` (`id`) ON DELETE CASCADE,
  ADD CONSTRAINT `strapi_release_actions_release_links_inv_fk` FOREIGN KEY (`release_id`) REFERENCES `strapi_releases` (`id`) ON DELETE CASCADE;

--
-- Limiti per la tabella `strapi_transfer_tokens`
--
ALTER TABLE `strapi_transfer_tokens`
  ADD CONSTRAINT `strapi_transfer_tokens_created_by_id_fk` FOREIGN KEY (`created_by_id`) REFERENCES `admin_users` (`id`) ON DELETE SET NULL,
  ADD CONSTRAINT `strapi_transfer_tokens_updated_by_id_fk` FOREIGN KEY (`updated_by_id`) REFERENCES `admin_users` (`id`) ON DELETE SET NULL;

--
-- Limiti per la tabella `strapi_transfer_token_permissions`
--
ALTER TABLE `strapi_transfer_token_permissions`
  ADD CONSTRAINT `strapi_transfer_token_permissions_created_by_id_fk` FOREIGN KEY (`created_by_id`) REFERENCES `admin_users` (`id`) ON DELETE SET NULL,
  ADD CONSTRAINT `strapi_transfer_token_permissions_updated_by_id_fk` FOREIGN KEY (`updated_by_id`) REFERENCES `admin_users` (`id`) ON DELETE SET NULL;

--
-- Limiti per la tabella `strapi_transfer_token_permissions_token_links`
--
ALTER TABLE `strapi_transfer_token_permissions_token_links`
  ADD CONSTRAINT `strapi_transfer_token_permissions_token_links_fk` FOREIGN KEY (`transfer_token_permission_id`) REFERENCES `strapi_transfer_token_permissions` (`id`) ON DELETE CASCADE,
  ADD CONSTRAINT `strapi_transfer_token_permissions_token_links_inv_fk` FOREIGN KEY (`transfer_token_id`) REFERENCES `strapi_transfer_tokens` (`id`) ON DELETE CASCADE;

--
-- Limiti per la tabella `upload_folders`
--
ALTER TABLE `upload_folders`
  ADD CONSTRAINT `upload_folders_created_by_id_fk` FOREIGN KEY (`created_by_id`) REFERENCES `admin_users` (`id`) ON DELETE SET NULL,
  ADD CONSTRAINT `upload_folders_updated_by_id_fk` FOREIGN KEY (`updated_by_id`) REFERENCES `admin_users` (`id`) ON DELETE SET NULL;

--
-- Limiti per la tabella `upload_folders_parent_links`
--
ALTER TABLE `upload_folders_parent_links`
  ADD CONSTRAINT `upload_folders_parent_links_fk` FOREIGN KEY (`folder_id`) REFERENCES `upload_folders` (`id`) ON DELETE CASCADE,
  ADD CONSTRAINT `upload_folders_parent_links_inv_fk` FOREIGN KEY (`inv_folder_id`) REFERENCES `upload_folders` (`id`) ON DELETE CASCADE;

--
-- Limiti per la tabella `up_permissions`
--
ALTER TABLE `up_permissions`
  ADD CONSTRAINT `up_permissions_created_by_id_fk` FOREIGN KEY (`created_by_id`) REFERENCES `admin_users` (`id`) ON DELETE SET NULL,
  ADD CONSTRAINT `up_permissions_updated_by_id_fk` FOREIGN KEY (`updated_by_id`) REFERENCES `admin_users` (`id`) ON DELETE SET NULL;

--
-- Limiti per la tabella `up_permissions_role_links`
--
ALTER TABLE `up_permissions_role_links`
  ADD CONSTRAINT `up_permissions_role_links_fk` FOREIGN KEY (`permission_id`) REFERENCES `up_permissions` (`id`) ON DELETE CASCADE,
  ADD CONSTRAINT `up_permissions_role_links_inv_fk` FOREIGN KEY (`role_id`) REFERENCES `up_roles` (`id`) ON DELETE CASCADE;

--
-- Limiti per la tabella `up_roles`
--
ALTER TABLE `up_roles`
  ADD CONSTRAINT `up_roles_created_by_id_fk` FOREIGN KEY (`created_by_id`) REFERENCES `admin_users` (`id`) ON DELETE SET NULL,
  ADD CONSTRAINT `up_roles_updated_by_id_fk` FOREIGN KEY (`updated_by_id`) REFERENCES `admin_users` (`id`) ON DELETE SET NULL;

--
-- Limiti per la tabella `users`
--
ALTER TABLE `users`
  ADD CONSTRAINT `users_created_by_id_fk` FOREIGN KEY (`created_by_id`) REFERENCES `admin_users` (`id`) ON DELETE SET NULL,
  ADD CONSTRAINT `users_updated_by_id_fk` FOREIGN KEY (`updated_by_id`) REFERENCES `admin_users` (`id`) ON DELETE SET NULL;

--
-- Limiti per la tabella `users_brewery_links`
--
ALTER TABLE `users_brewery_links`
  ADD CONSTRAINT `users_brewery_links_fk` FOREIGN KEY (`user_id`) REFERENCES `users` (`id`) ON DELETE CASCADE,
  ADD CONSTRAINT `users_brewery_links_inv_fk` FOREIGN KEY (`brewery_id`) REFERENCES `breweries` (`id`) ON DELETE CASCADE;

--
-- Limiti per la tabella `users_role_links`
--
ALTER TABLE `users_role_links`
  ADD CONSTRAINT `users_role_links_fk` FOREIGN KEY (`user_id`) REFERENCES `users` (`id`) ON DELETE CASCADE,
  ADD CONSTRAINT `users_role_links_inv_fk` FOREIGN KEY (`role_id`) REFERENCES `up_roles` (`id`) ON DELETE CASCADE;
COMMIT;

/*!40101 SET CHARACTER_SET_CLIENT=@OLD_CHARACTER_SET_CLIENT */;
/*!40101 SET CHARACTER_SET_RESULTS=@OLD_CHARACTER_SET_RESULTS */;
/*!40101 SET COLLATION_CONNECTION=@OLD_COLLATION_CONNECTION */;
